"","cpg","estimate","se","tval","pval","coef type","fdr","X","chr","pos","strand","Name","AddressA","AddressB","ProbeSeqA","ProbeSeqB","Type","NextBase","Color","Probe_rs","Probe_maf","CpG_rs","CpG_maf","SBE_rs","SBE_maf","Islands_Name","Relation_to_Island","Forward_Sequence","SourceSeq","UCSC_RefGene_Name","UCSC_RefGene_Accession","UCSC_RefGene_Group","Phantom4_Enhancers","Phantom5_Enhancers","DMR","X450k_Enhancer","HMM_Island","Regulatory_Feature_Name","Regulatory_Feature_Group","GencodeBasicV12_NAME","GencodeBasicV12_Accession","GencodeBasicV12_Group","GencodeCompV12_NAME","GencodeCompV12_Accession","GencodeCompV12_Group","DNase_Hypersensitivity_NAME","DNase_Hypersensitivity_Evidence_Count","OpenChromatin_NAME","OpenChromatin_Evidence_Count","TFBS_NAME","TFBS_Evidence_Count","Methyl27_Loci","Methyl450_Loci","Random_Loci"
"1","cg26616083",-0.0996885173283876,0.0560728616827822,-1.77783894626869,0.0804146902749841,"exp",0.214107530459505,"cg26616083","chr1",26736154,"+","cg26616083",64656236,NA,"CTCTTAAATTCCTAAACCCTCCTTATTTCAAAATAACCACCCTAAAATAC","","II","","",NA,NA,NA,NA,NA,NA,"chr1:26737246-26738148","N_Shore","TCTTCAAATGAGGAGGCCCCCCAGTCCTGTTCCTCCACCAGCCCCACTACGGAATGGGAG[CG]CATTTTAGGGTGGTTACTCTGAAACAAGGAGGGCCTAGGAATCTAAGAGTGTGAAGAGTA","TCTTAGATTCCTAGGCCCTCCTTGTTTCAGAGTAACCACCCTAAAATGCG","LIN28","NM_024674","TSS1500","","","",NA,"","","","LIN28A;LIN28A","ENST00000326279.6;ENST00000254231.4","TSS1500;TSS1500","LIN28A;LIN28A","ENST00000326279.6;ENST00000254231.4","TSS1500;TSS1500","chr1:26735685-26736175",3,"",NA,"",NA,NA,TRUE,NA
"2","cg16589617",0.0544268672264249,0.0302496230322367,1.7992577021017,0.0769245678792781,"exp",0.214107530459505,"cg16589617","chr1",34339784,"-","cg16589617",86706357,NA,"AAAAAAATCTTACCTTATTCATCACAATACTCTAAAATTTAACACAATAC","","II","","",NA,NA,NA,NA,NA,NA,"","OpenSea","GGTAGAGAAGGGAAGGGATCTTGCCTTATTCATCACAGTGCTCTAAAATTTAACACAATG[CG]TCACATGGAGTAGAATGATAATAGCACACTTTTATTGAATGCCTACATCATACCTGGTAA","CGCATTGTGTTAAATTTTAGAGCACTGTGATGAATAAGGCAAGATCCCTT","CSMD2-AS1;CSMD2;CSMD2","NR_038372;NM_001281956;NM_052896","Body;Body;Body","","","",NA,"","","","AL121980.1;AL121980.1","ENST00000425631.1;ENST00000431046.1","5'UTR;TSS1500","AL121980.1;AL121980.1","ENST00000425631.1;ENST00000431046.1","5'UTR;TSS1500","",NA,"",NA,"",NA,NA,NA,NA
"3","cg11973877",-0.151365179959515,0.0508891442322933,-2.97441000910881,0.00420093239664459,"exp",0.0252055943798676,"cg11973877","chr1",52195423,"-","cg11973877",41739561,NA,"TACAACAAATAACCCATAACCAATCRCCAAAAATCTCTTTACCAAAAACC","","II","","",NA,NA,NA,NA,NA,NA,"chr1:52195028-52195821","Island","CTCTCACCTCCTACAGCAGGTGACCCATGGCCAATCGCCAGGGGTCTCTTTGCCAGGAGC[CG]CCAGGGCCAGCCAATCGGGGCGACCCCTCCGCCGGGGAGGGGACGGGAAAGGGGTGGGGG","ACAGCAGGTGACCCATGGCCAATCGCCAGGGGTCTCTTTGCCAGGAGCCG","OSBPL9;OSBPL9;OSBPL9;OSBPL9;OSBPL9;OSBPL9;OSBPL9","NM_148904;NM_148908;NM_148906;NM_024586;NM_148909;NM_148905;NM_148907","TSS200;Body;5'UTR;Body;Body;TSS200;TSS200","","","",NA,"1:51967436-51968399","1:52195145-52195723","Promoter_Associated","OSBPL9;OSBPL9;OSBPL9;OSBPL9;OSBPL9;OSBPL9","ENST00000486942.1;ENST00000531828.1;ENST00000361556.5;ENST00000473207.2;ENST00000462759.1;ENST00000435686.2","TSS1500;TSS200;TSS200;TSS200;TSS200;5'UTR","OSBPL9;OSBPL9;OSBPL9;OSBPL9;OSBPL9;OSBPL9;OSBPL9;OSBPL9;OSBPL9;OSBPL9;OSBPL9;OSBPL9;OSBPL9;OSBPL9","ENST00000486942.1;ENST00000531828.1;ENST00000361556.5;ENST00000473207.2;ENST00000533884.1;ENST00000481937.1;ENST00000526917.1;ENST00000462759.1;ENST00000484890.1;ENST00000495776.1;ENST00000534040.1;ENST00000527631.1;ENST00000435686.2;ENST00000435274.2","TSS1500;TSS200;TSS200;TSS200;TSS200;TSS200;TSS200;TSS200;5'UTR;3'UTR;5'UTR;5'UTR;5'UTR;3'UTR","chr1:52195180-52195515",3,"",NA,"",NA,NA,TRUE,NA
"4","cg20785560",0.102124491531686,0.0704392435493427,1.44982379687464,0.152229922316781,"exp",0.311885694502673,"cg20785560","chr1",78511235,"-","cg20785560",95637422,NA,"AAAAACTCAAAAATACCAAAAACCCRACTAAAAAAATTTATAAATACAAC","","II","","",NA,NA,NA,NA,NA,NA,"chr1:78511577-78512161","N_Shore","ATAGGCAAAAGGGAAACTCAGAGGTGCCAAGGACCCGGCTGAGGGGGTTTATGAATACAA[CG]TAGCACCAAGCTCAAGGTTATGTGACTTTCTCTTCCAATTCTGCCCTGCAGAGCGTAAGA","GAAACTCAGAGGTGCCAAGGACCCGGCTGAGGGGGTTTATGAATACAACG","GIPC2","NM_017655","TSS1500","","","",NA,"","1:78511202-78512206","Unclassified","GIPC2;GIPC2","ENST00000370759.3;ENST00000476882.1","TSS1500;5'UTR","GIPC2;GIPC2","ENST00000370759.3;ENST00000476882.1","TSS1500;5'UTR","chr1:78510325-78512695",3,"",NA,"",NA,NA,TRUE,NA
"5","cg23629959",0.110766226069065,0.0704335121371309,1.57263527982828,0.120976201973212,"exp",0.274648674749996,"cg23629959","chr1",84644512,"-","cg23629959",26773911,NA,"AATAAATTAATATTCTCCACATATTTTCAATTCTTATATCTAAAAACTCC","","II","","","rs12086972",0.016507,NA,NA,NA,NA,"","OpenSea","TTCCACGAATCAGTAGGTTAATGTTCTCCACATGTTTTCAATTCTTGTATCTAAAGGCTC[CG]TTAATATTACTGATGGCCTTTTTACAGTCACTATTTTGTCCTAAATTAATTTCTGACTTT","CGGAGCCTTTAGATACAAGAATTGAAAACATGTGGAGAACATTAACCTAC","PRKACB;PRKACB;PRKACB;PRKACB;PRKACB;PRKACB;PRKACB;PRKACB;PRKACB;PRKACB;PRKACB","NM_207578;NM_001300916;NM_001300917;NM_001300915;NM_002731;NM_182948;NM_001242857;NM_001242858;NM_001242859;NM_001242860;NM_001242861","Body;Body;Body;Body;Body;Body;Body;Body;Body;Body;Body","","","",NA,"","","","PRKACB","ENST00000470673.1","5'UTR","PRKACB;PRKACB","ENST00000467507.1;ENST00000470673.1","TSS200;5'UTR","",NA,"",NA,"",NA,NA,NA,NA
"6","cg09799337",0.114262430794759,0.0943017716809094,1.21166791204508,0.23031234010983,"exp",0.429916368205016,"cg09799337","chr1",155978343,"+","cg09799337",70742562,NA,"ACCTAACTTCTAACCCTTTCTCRTTAAAAACTAACTTTTTAACCAAATAC","","II","","",NA,NA,NA,NA,NA,NA,"","OpenSea","TGACCTTGTGATCCGCCCACCTCGGCCTCCCAAAGTGCTGGGATTACAGGCATGAGCCAC[CG]CACCTGGCCAAAAAGCTAGTTCTTAACGAGAAAGGGCTAGAAGTCAGGCATGAGAGATAG","CCTGACTTCTAGCCCTTTCTCGTTAAGAACTAGCTTTTTGGCCAGGTGCG","","","","","","",NA,"","","","RP11-336K24.4","ENST00000423422.1","TSS1500","RP11-336K24.4","ENST00000423422.1","TSS1500","chr1:155978280-155978810",3,"",NA,"",NA,NA,NA,NA
"7","cg00119557",-0.233384586438075,0.0653877221995386,-3.56924172592942,0.000704780995386396,"exp",0.00592016036124573,"cg00119557","chr1",201751714,"-","cg00119557",80729330,1727461,"CCAACCAAATCAAATTCTATAAACATAACCAACAAACAAAATAAACCTCA","CCAACCAAATCAAATTCTATAAACGTAACCGACGAACGAAATAAACCTCG","I","C","Grn",NA,NA,NA,NA,NA,NA,"","OpenSea","AGCCTGCCCCGGCCAGCCAAGTCAAGTTCTATGAGCGTGACCGGCGGGCGGGGTGGACCT[CG]CCCTGTGAGCAGCAGCATTGACCCCAGTCTCCTCAGCACCAAGCAGGGAGGCCTTACGCC","CCAGCCAAGTCAAGTTCTATGAGCGTGACCGGCGGGCGGGGTGGACCTCG","RNU6-79P;NAV1;IPO9-AS1;NAV1","NR_046945;NM_020443;NR_046696;NM_001167738","Body;Body;Body;Body","","","",NA,"","","","NAV1;IPO9-AS1;NAV1","ENST00000469130.1;ENST00000413035.1;ENST00000367301.2","TSS200;3'UTR;5'UTR","NAV1;IPO9-AS1;NAV1;NAV1","ENST00000469130.1;ENST00000413035.1;ENST00000490213.1;ENST00000367301.2","TSS200;3'UTR;5'UTR;5'UTR","chr1:201751645-201752075",3,"",NA,"",NA,NA,NA,NA
"8","cg14253939",0.0717071094580068,0.068699721597151,1.04377583767356,0.300708021778622,"exp",0.505189476588085,"cg14253939","chr1",228674594,"+","cg14253939",69721262,93810463,"TTTTTATAAACTACTAAAATCTAAACTACACATACCCCCACAATAACTCA","TTTTTATAAACTACTAAAATCTAAACTACGCGTACCCCCGCGATAACTCG","I","C","Grn",NA,NA,NA,NA,NA,NA,"chr1:228674346-228675752","Island","TGAGAGCAGCGGAGGAGGCCCACGCAGGCCATTTCCCGCCCCGTCCCCAGCCCACGCGGG[CG]AGCTACCGCGGGGGTACGCGCAGCTCAGATCCTAGCAGCTTACAAAAACAACCTTTTAAA","TTTTTGTAAGCTGCTAGGATCTGAGCTGCGCGTACCCCCGCGGTAGCTCG","RNF187","NM_001010858","TSS1500","","","",NA,"1:226741000-226741238","1:228674546-228674761","Promoter_Associated","RNF187;RNF187","ENST00000482739.2;ENST00000305943.7","TSS1500;TSS200","RNF187;RNF187","ENST00000482739.2;ENST00000305943.7","TSS1500;TSS200","chr1:228674160-228675155",3,"",NA,"",NA,NA,TRUE,NA
"9","cg16940259",-0.156641249718388,0.0480098078156739,-3.26269270478623,0.00180994451132894,"exp",0.0116950260732024,"cg16940259","chr1",236323313,"+","cg16940259",22604539,NA,"TTAAAAATCCCACCTAAAACCTCAAAACCTAAAATAAATCTAAAAATAAC","","II","","",NA,NA,NA,NA,NA,NA,"","OpenSea","GGGACATCTCCCAGCCGTGGCTCAGCCTTCAACAAGTCAAAAAGCCAGCATCACCCACAG[CG]TCATCCCCAGATCTATTCTAGGTTCTGAGGTTCTAGGTGGGACTTTCAAAAGCAGAAGAA","TGAAAGTCCCACCTAGAACCTCAGAACCTAGAATAGATCTGGGGATGACG","GPR137B","NM_003272","Body","","chr1:236323296-236323296","",NA,"","1:236322956-236323963","Unclassified_Cell_type_specific","","","","GPR137B","ENST00000419162.1","5'UTR","chr1:236322940-236324195",3,"",NA,"",NA,NA,NA,NA
"10","cg01206211",0.0705709321264163,0.0660485180708087,1.06847109046049,0.289518202396844,"exp",0.49631691839459,"cg01206211","chr2",36825736,"-","cg01206211",60672551,NA,"AAATATTTAAATAATACCRAAATTCATTCCTCAAATATTTTACCTCTCAC","","II","","","rs11886145",0.255358,NA,NA,NA,NA,"chr2:36824792-36825305","S_Shore","GAGTCAATGGGAAATGTTTAGGTGGTACCGAAGTTCATTCCTCAAATATTTTACCTCTCA[CG]TGCAAAGCACTGGCTAGATCCTGCAGAACATACAAAGATAATTATGCCAGTTAACATTTG","AATGTTTAGGTGGTACCGAAGTTCATTCCTCAAATATTTTACCTCTCACG","FEZ2;FEZ2","NM_001042548;NM_005102","TSS1500;TSS1500","","","",NA,"","2:36824476-36825775","Promoter_Associated","FEZ2;FEZ2","ENST00000405912.3;ENST00000379245.4","TSS1500;TSS1500","FEZ2;FEZ2;FEZ2;FEZ2","ENST00000405912.3;ENST00000451623.1;ENST00000379245.4;ENST00000357996.4","TSS1500;TSS1500;TSS1500;5'UTR","",NA,"chr2:36824247-36825828",6,"chr2:36822528-36826010",6,NA,TRUE,NA
"11","cg13716787",-0.232411852801876,0.0853258533901681,-2.72381515763025,0.00840573317023011,"exp",0.0415342109587841,"cg13716787","chr2",70351227,"-","cg13716787",83803575,17633165,"CCAACTCTTTTTTTCATCAAAATATAAAAAATAAACACCTTAAAAAAACA","CCGACTCTTTTTTTCATCAAAATATAAAAAATAAACGCCTTAAAAAAACG","I","A","Red",NA,NA,NA,NA,NA,NA,"chr2:70351315-70351550","N_Shore","ATAGGACAGCAGCCGGCTCTTTTTTTCATCAGGATGTGGAGAGTGGGCGCCTTGGGAAGA[CG]AAATTGAGTATGTGCGGGGGAGGGGTCATATGAAACAAGGTCGGGAAGGGGGCGGGGAGA","CGTCTTCCCAAGGCGCCCACTCTCCACATCCTGATGAAAAAAAGAGCCGG","LOC100133985","NR_024444","Body","","","",TRUE,"2:70204718-70205054","2:70351164-70351881","Promoter_Associated_Cell_type_specific","AC016700.5","ENST00000414141.1","3'UTR","AC016700.5","ENST00000414141.1","3'UTR","chr2:70351160-70351855",3,"",NA,"",NA,NA,TRUE,NA
"12","cg05904194",0.193857361535614,0.0580046816212112,3.34209853614168,0.00142410311320032,"exp",0.00996872179240223,"cg05904194","chr2",85132663,"+","cg05904194",92784359,5657470,"AAAAACAATACTAACACCCAAAAAACAAAAACAACACAAACTACTCCTCA","AAAAACGATACTAACACCCGAAAAACGAAAACAACGCGAACTACTCCTCG","I","C","Grn",NA,NA,NA,NA,NA,NA,"chr2:85132338-85133083","Island","CCCGGCGCGGGAGAAGCCGCGCCCAGCCGGGCTGGTAGCCCAGCGGGGGGCGCGGCAGGG[CG]AGGAGCAGCCCGCGCTGCTCCCGCCCCTCGGGTGCCAGCACCGCCCCTGCTGCGGCGGGT","AGGGGCGGTGCTGGCACCCGAGGGGCGGGAGCAGCGCGGGCTGCTCCTCG","TMSB10","NM_021103","TSS200","","","",NA,"2:84985493-84987223","2:85131786-85133459","Promoter_Associated","TMSB10","ENST00000233143.4","TSS200","TMSB10;C2orf89;C2orf89","ENST00000233143.4;ENST00000474298.1;ENST00000489999.1","TSS200;3'UTR;3'UTR","chr2:85132565-85133135",3,"",NA,"",NA,NA,TRUE,NA
"13","cg00858624",0.0625553514913984,0.05272054723901,1.18654594399034,0.240007532257142,"exp",0.438274624121737,"cg00858624","chr2",131608667,"-","cg00858624",91742367,NA,"CTACTAAATCCCCTTACAAAACTATAAAAACRCAAACAAAACATAAATCC","","II","","","rs59541524",0.07938,NA,NA,NA,NA,"","OpenSea","AAAAAACCAGCCTGCTGGGTCCCCTTGCAGAGCTGTGGGAGCGCAGGCAGGACATGAGTC[CG]CCAGCTTTCTGTGCTGTGAACACCGGCGTCCTGACCGCTGTGGAGCGGAGAAGTGCCTGC","TGCTGGGTCCCCTTGCAGAGCTGTGGGAGCGCAGGCAGGACATGAGTCCG","","","","","","",NA,"","","","ARHGEF4","ENST00000409359.1","5'UTR","ARHGEF4;ARHGEF4","ENST00000526381.1;ENST00000409359.1","5'UTR;5'UTR","",NA,"chr2:131607565-131609544",6,"",NA,NA,NA,NA
"14","cg09486778",-0.0448806569241022,0.0504875279124518,-0.888945424341786,0.377524590864026,"exp",0.56628688629604,"cg09486778","chr2",223169609,"+","cg09486778",32608141,26603101,"CCAACTAAAACTAAAATACCCCTCATAAAATTTTCCAAAACAAAAAAACA","CCGACTAAAACTAAAATACCCCTCATAAAATTTTCCGAAACGAAAAAACG","I","A","Red",NA,NA,NA,NA,NA,NA,"chr2:223170486-223171140","N_Shore","CTTGCAGAAAGCTGCCCGGCTCCCCACGGTGGCCCTGCGCGCGCACCATCCTCGCGGTCT[CG]CTTCTTCGCCCCGGAAAACTCTATGAGGGGCACCCCAGCCTCAGCCGGGTTAAGACAAGT","CGCTTCTTCGCCCCGGAAAACTCTATGAGGGGCACCCCAGCCTCAGCCGG","CCDC140","NM_153038","3'UTR","","","RDMR",NA,"2:222877701-222877901","2:223169423-223169758","Unclassified_Cell_type_specific","CCDC140","ENST00000295226.1","3'UTR","CCDC140","ENST00000295226.1","3'UTR","chr2:223169145-223170175",3,"",NA,"",NA,NA,TRUE,NA
"15","cg05645702",-0.0306292233120513,0.031830221840926,-0.962268609534775,0.339713806536839,"exp",0.538414334888575,"cg05645702","chr2",242190905,"+","cg05645702",91801840,NA,"AAAAAACCTTTCCCAAATAATAAAACACCRACCTACATAACATAACTAAC","","II","","",NA,NA,NA,NA,NA,NA,"","OpenSea","CACAGGCCACAGCACAGCTGCCAAGGCTATGTTTACTCATAACAAAAACGGATACACGGA[CG]TCAGTCATGTTATGCAGGTCGGTGTCCCACTACCTGGGAAAGGCTCCTTCATCCACTGAA","AGGAGCCTTTCCCAGGTAGTGGGACACCGACCTGCATAACATGACTGACG","HDLBP;HDLBP;HDLBP","NM_005336;NM_203346;NM_001243900","Body;Body;Body","","","",NA,"2:241839458-241839702","","","HDLBP","ENST00000476807.1","TSS1500","HDLBP;HDLBP;HDLBP;HDLBP","ENST00000487169.1;ENST00000476807.1;ENST00000498595.1;ENST00000477477.1","TSS1500;TSS1500;3'UTR;3'UTR","",NA,"",NA,"chr2:242189769-242191870",3,NA,NA,NA
"16","cg12570942",0.193732343041006,0.0661146868292587,2.93024670208785,0.00475980557677283,"exp",0.0266549112299278,"cg12570942","chr2",242626270,"+","cg12570942",47664824,83793970,"ATCCCTTCAAATTTAACCAAAACCAAAAAATACTAACTAATCACAACACA","ATCCCTTCGAATTTAACCGAAACCGAAAAATACTAACTAATCACGACGCG","I","C","Grn",NA,NA,NA,NA,NA,NA,"chr2:242625961-242626720","Island","GCCCGCCGCTGGCGTCTCCACGCAGCCTTCCGGAGCTCCCATTGGCCGGCGTCAACAGCG[CG]CGCCGTGATTAGCTAGTATTTCCCGGCCTCGGCCAAATTCGAAGGGATTGGCCGGGGCCG","CGCGCCGTGATTAGCTAGTATTTCCCGGCCTCGGCCAAATTCGAAGGGAT","DTYMK;DTYMK;DTYMK;DTYMK;DTYMK","NM_001165031;NM_012145;NM_001165031;NR_033255;NM_012145","5'UTR;5'UTR;1stExon;Body;1stExon","high-CpG:242274872-242274957","","",NA,"2:242274658-242275469","2:242625537-242627019","Promoter_Associated","DTYMK;DTYMK","ENST00000305784.2;ENST00000305784.2","1stExon;5'UTR","DTYMK;DTYMK;DTYMK;DTYMK;DTYMK;DTYMK;DTYMK;DTYMK;DTYMK","ENST00000420144.1;ENST00000400770.2;ENST00000305784.2;ENST00000445261.1;ENST00000493095.1;ENST00000432348.1;ENST00000464603.1;ENST00000400770.2;ENST00000305784.2","TSS1500;1stExon;1stExon;TSS200;TSS200;TSS200;TSS200;5'UTR;5'UTR","chr2:242626205-242626475",3,"",NA,"",NA,NA,TRUE,NA
"17","cg26143045",0.167701776595323,0.077096159238521,2.17522867872686,0.0334986150538664,"exp",0.108671294849511,"cg26143045","chr3",132757610,"-","cg26143045",58759173,3697878,"CCCCTCCCCAAATAAAAAATACAAATAATAAAACACAAACATCAAAAACA","CCCCTCCCCAAATAAAAAATACGAATAATAAAACGCGAACGTCAAAAACG","I","C","Grn",NA,NA,NA,NA,NA,NA,"chr3:132756985-132757895","Island","GCTGGCATGAACCCCCTCCCCAGGTGGAGGGTGCGGGTGATGGGGCGCGGGCGTCAGGAG[CG]CTGGACCTGGGCTGGGGCCGAGGAGGAGGTGGCTTTAATGCAGGGGGACCTGTCACATGG","CCCCTCCCCAGGTGGAGGGTGCGGGTGATGGGGCGCGGGCGTCAGGAGCG","TMEM108;TMEM108","NM_001136469;NM_023943","5'UTR;5'UTR","","","DMR",TRUE,"3:134239653-134240552","","","TMEM108;TMEM108;TMEM108","ENST00000514529.1;ENST00000321871.6;ENST00000393130.3","5'UTR;5'UTR;5'UTR","TMEM108;TMEM108;TMEM108;TMEM108;TMEM108","ENST00000514529.1;ENST00000321871.6;ENST00000393130.3;ENST00000514894.1;ENST00000512662.1","5'UTR;5'UTR;5'UTR;5'UTR;5'UTR","chr3:132757505-132757995",3,"",NA,"",NA,NA,TRUE,NA
"18","cg27350042",0.17584212476862,0.0500594452637767,3.51266626791529,0.000841732184643731,"exp",0.00642777304637031,"cg27350042","chr4",140033905,"+","cg27350042",90647324,NA,"AAACTTTTTAAAAAAACACTAATTAACTTTTAATTTTACTATACATCTCC","","II","","",NA,NA,NA,NA,NA,NA,"chr4:140036277-140036689","N_Shelf","GTATAGCAAAAATTTTTTTTTAATTTTTTTAGTATTTATTGATCATTCTTGGGTGTTTCT[CG]GAGATGTATAGCAAAATTAAAAGTTAACTAGTGTTTCTTTAAAAAGTCTCTCTGAATCAC","CGGAGATGTATAGCAAAATTAAAAGTTAACTAGTGTTTCTTTAAAAAGTC","ELF2","NM_201999","Body","","","",NA,"","","","","","","ELF2","ENST00000511184.1","3'UTR","",NA,"",NA,"",NA,NA,TRUE,NA
"19","cg17822633",0.144234901274917,0.0663614192726048,2.17347523389181,0.0336363531677058,"exp",0.108671294849511,"cg17822633","chr4",151464300,"+","cg17822633",64664948,NA,"AATTATATATAAAACTATAACCTTTTCAAATCCCAACATTTAACAAAATC","","II","","",NA,NA,NA,NA,NA,NA,"","OpenSea","TAAATGTCTATCTTTTCTACATGTAATTTCATTCAAACTTCCTCTCTTTCCCCCAATTAA[CG]ATCCTGCCAAATGTTGGGACTTGAAAAGGCCACAGCTTTATACACAATTAACAGTCAAAT","CGATCCTGCCAAATGTTGGGACTTGAAAAGGCCACAGCTTTATACACAAT","LRBA;LRBA","NM_006726;NM_001199282","Body;Body","","","",NA,"","","","LRBA","ENST00000503716.1","3'UTR","LRBA;LRBA","ENST00000503716.1;ENST00000513021.1","3'UTR;3'UTR","",NA,"chr4:151464259-151464589",3,"chr4:151463173-151464888",3,NA,NA,NA
"20","cg03282686",0.0637137567797322,0.069641808959197,0.914877969598148,0.363858100147036,"exp",0.555710552951836,"cg03282686","chr4",177116826,"+","cg03282686",96775589,18779945,"TCCAAAATCTAAATAAAACAAAAATACAAACAACTACTACAACACTTACA","TCCAAAATCTAAATAAAACGAAAATACGAACGACTACTACGACGCTTACG","I","C","Grn",NA,NA,NA,NA,NA,NA,"chr4:177116543-177116893","Island","GCTGGCGGCGCGGTCTCGTGGGGCGGGGCGGAGTCTTATGGGGCGAGACCTCAGCGCCTG[CG]CAAGCGCCGCAGCAGCCGCCCGTACTTCCGCTTTACTCAGATTTTGGACCGCGGGGCCGG","TCCAAAATCTGAGTAAAGCGGAAGTACGGGCGGCTGCTGCGGCGCTTGCG","SPATA4","NM_144644","TSS200","","","",NA,"4:177353432-177353887","4:177116328-177117292","Promoter_Associated","SPATA4;SPATA4","ENST00000515234.1;ENST00000280191.2","TSS1500;TSS200","SPATA4;SPATA4;SPATA4","ENST00000515234.1;ENST00000508699.1;ENST00000280191.2","TSS1500;TSS200;TSS200","chr4:177116400-177116955",3,"",NA,"",NA,NA,TRUE,NA
"21","cg22958231",-0.0893532668497197,0.0895492135825857,-0.997811854230464,0.322312402525504,"exp",0.520658496387352,"cg22958231","chr4",177116835,"+","cg22958231",89639291,1607872,"ACCCCACAATCCAAAATCTAAATAAAACAAAAATACAAACAACTACTACA","ACCCCGCGATCCAAAATCTAAATAAAACGAAAATACGAACGACTACTACG","I","A","Red",NA,NA,NA,NA,NA,NA,"chr4:177116543-177116893","Island","GCGGTCTCGTGGGGCGGGGCGGAGTCTTATGGGGCGAGACCTCAGCGCCTGCGCAAGCGC[CG]CAGCAGCCGCCCGTACTTCCGCTTTACTCAGATTTTGGACCGCGGGGCCGGGTATCGAGG","GCCCCGCGGTCCAAAATCTGAGTAAAGCGGAAGTACGGGCGGCTGCTGCG","SPATA4","NM_144644","TSS200","","","",NA,"4:177353432-177353887","4:177116328-177117292","Promoter_Associated","SPATA4;SPATA4","ENST00000515234.1;ENST00000280191.2","TSS1500;TSS200","SPATA4;SPATA4;SPATA4","ENST00000515234.1;ENST00000508699.1;ENST00000280191.2","TSS1500;TSS200;TSS200","chr4:177116400-177116955",3,"",NA,"",NA,NA,TRUE,NA
"22","cg16451306",0.0146123400167032,0.04706720978461,0.310456899475719,0.75727182800939,"exp",0.827126468907242,"cg16451306","chr5",71475356,"-","cg16451306",93709878,NA,"TCCCAATATAAAACATTCCCCAAATATACAACTTTATAAACATCCCAACC","","II","","",NA,NA,NA,NA,NA,NA,"","OpenSea","CCTGGCCCGTTTCCCAGTGTGAAACATTCCCCAAATATGCAACTTTGTGAGCATCCCAGC[CG]CCTGCGCTGAGAACCCGCCCGCCTGCCGCAGGAAAGCTGGCACCCACGGGTATGCCAGGG","CCCAGTGTGAAACATTCCCCAAATATGCAACTTTGTGAGCATCCCAGCCG","MAP1B","NM_005909","Body","","","",TRUE,"5:71510833-71511184","","","","","","MAP1B;MAP1B","ENST00000504492.1;ENST00000513526.2","TSS200;3'UTR","chr5:71475100-71475530",3,"",NA,"",NA,NA,TRUE,NA
"23","cg21555240",0.0271181244018703,0.0447850597846647,0.605517208914301,0.547081762204578,"exp",0.706997969618224,"cg21555240","chr5",89734950,"-","cg21555240",19775104,NA,"CATAATCAAATAAAATCCAAACATCTATAAAAACTCTTATCTCTCATACC","","II","","",NA,NA,NA,NA,NA,NA,"","OpenSea","AAAATATTTTTCATGGTCAGATGGAGTCCAGACATCTATGGGAGCTCTTGTCTCTCATGC[CG]TTATTAGAAATAAAATCGTTCTATAGAATAGAGTGATTCCATTTTACTTAGTACTGCAAA","CGGCATGAGAGACAAGAGCTCCCATAGATGTCTGGACTCCATCTGACCAT","","","","","","",NA,"","","","","","","","","","",NA,"",NA,"",NA,NA,NA,NA
"24","cg06015579",0.0602629998727504,0.024813008678228,2.42868572103583,0.018116270084514,"exp",0.0760883343549589,"cg06015579","chr6",2232775,"-","cg06015579",71676596,NA,"TCCACTTTCATATTTCTTAAAAAACTTCAAAACTAATTTATCATCTTACC","","II","","",NA,NA,NA,NA,NA,NA,"","OpenSea","TACCACTCACATCCACTTTCATGTTTCTTAGAGGACTTCAAAACTGGTTTGTCATCTTAC[CG]TCCACCATCATATATATCATCATTTTCTATCTTCGTTCAGGTAGGAAGCCACAAAAACCA","CGGTAAGATGACAAACCAGTTTTGAAGTCCTCTAAGAAACATGAAAGTGG","GMDS","NM_001500","Body","","","",NA,"","6:2232661-2232870","Unclassified_Cell_type_specific","","","","","","","chr6:2232760-2233055",3,"",NA,"",NA,NA,NA,NA
"25","cg01052103",-0.0767173488339566,0.0566396409908767,-1.35448155199843,0.180578805347141,"exp",0.361157610694283,"cg01052103","chr6",32145383,"-","cg01052103",51737890,24659121,"ACTAAATCATCCAACCAAATAAATTAAATTAACACCAACACCACAAATCA","ACTAAATCGTCCAACCGAATAAATTAAATTAACACCAACGCCGCAAATCG","I","A","Red",NA,NA,NA,NA,NA,NA,"","OpenSea","AATATGGGGAGGGCTGAGTCGTCCAGCCGAATGAGTTGGGTTAACACCAGCGCCGCAGAT[CG]ATGTTCCCACTATCCAAACGTCGGGCTAATCCCAGTTCTGCTCCCTTAACTAAAAGGGAG","CGATCTGCGGCGCTGGTGTTAACCCAACTCATTCGGCTGGACGACTCAGC","RNF5P1;RNF5;AGPAT1;AGPAT1","NR_003129;NM_006913;NM_006411;NM_032741","TSS1500;TSS1500;TSS1500;5'UTR","","","",NA,"6:32253351-32254508","6:32145152-32146424","Promoter_Associated","AGPAT1;AGPAT1;AGPAT1;RNF5;RNF5;RNF5;AGPAT1;AGPAT1;AGPAT1;AGPAT1","ENST00000375107.3;ENST00000395497.1;ENST00000336984.6;ENST00000375094.3;ENST00000487940.1;ENST00000427134.2;ENST00000395499.1;ENST00000375104.2;ENST00000490711.1;ENST00000395497.1","TSS1500;5'UTR;5'UTR;TSS1500;TSS1500;TSS1500;TSS1500;TSS1500;TSS1500;1stExon","AGPAT1;AGPAT1;AGPAT1;RNF5;RNF5;RNF5;AGPAT1;AGPAT1;AGPAT1;AGPAT1","ENST00000375107.3;ENST00000395497.1;ENST00000336984.6;ENST00000375094.3;ENST00000487940.1;ENST00000427134.2;ENST00000395499.1;ENST00000375104.2;ENST00000490711.1;ENST00000395497.1","TSS1500;5'UTR;5'UTR;TSS1500;TSS1500;TSS1500;TSS1500;TSS1500;TSS1500;1stExon","",NA,"chr6:32144786-32146883",6,"chr6:32140814-32148333",6,NA,TRUE,NA
"26","cg01074928",-0.0392553628657801,0.0542220550266541,-0.723974088523262,0.471849127265106,"exp",0.639279462746273,"cg01074928","chr6",32145543,"+","cg01074928",79714327,NA,"ACTAATTAAACCTTTTCCTTTTCCCCTAATTAACCRACATCRAAAAAAAC","","II","","",NA,NA,NA,NA,NA,NA,"","OpenSea","GGTTGGAGCCATTTTGAACCCTGCGACCCTAGTGTTTTCCCTCTTTTCCTAGCTCTTCGC[CG]TCTTTCCCGATGTCGGCCAATCAGGGGAAAAGGAAAAGGCCCAATCAGCAGAAAGTCCAC","CTGATTGGGCCTTTTCCTTTTCCCCTGATTGGCCGACATCGGGAAAGACG","RNF5P1;RNF5;AGPAT1","NR_003129;NM_006913;NM_032741","TSS1500;TSS1500;5'UTR","","","",NA,"6:32253351-32254508","6:32145152-32146424","Promoter_Associated","AGPAT1;AGPAT1;RNF5;RNF5;RNF5;AGPAT1;AGPAT1;AGPAT1;AGPAT1","ENST00000395497.1;ENST00000336984.6;ENST00000375094.3;ENST00000487940.1;ENST00000427134.2;ENST00000395499.1;ENST00000375104.2;ENST00000490711.1;ENST00000395497.1","5'UTR;5'UTR;TSS1500;TSS1500;TSS1500;TSS1500;TSS1500;TSS1500;1stExon","AGPAT1;AGPAT1;RNF5;RNF5;RNF5;AGPAT1;AGPAT1;AGPAT1;AGPAT1","ENST00000395497.1;ENST00000336984.6;ENST00000375094.3;ENST00000487940.1;ENST00000427134.2;ENST00000395499.1;ENST00000375104.2;ENST00000490711.1;ENST00000395497.1","5'UTR;5'UTR;TSS1500;TSS1500;TSS1500;TSS1500;TSS1500;TSS1500;1stExon","chr6:32145405-32146235",3,"",NA,"",NA,NA,TRUE,NA
"27","cg08450897",0.0107108135983592,0.0633503797967681,0.1690726027645,0.866298943977937,"exp",0.898384090051194,"cg08450897","chr6",32145626,"+","cg08450897",99799373,NA,"TAATAACTACTCTACAATTAACRAAACTTACACTTCAAAATCCTAAACTC","","II","","",NA,NA,NA,NA,NA,NA,"","OpenSea","CAGGGGAAAAGGAAAAGGCCCAATCAGCAGAAAGTCCACAGCTGAAGGACCCGGATGAAG[CG]AGCCTAGGACTTTGAAGTGCAAGCCTCGCCAATTGTAGAGCAGTCACCATGGCGACAAGA","GGTGACTGCTCTACAATTGGCGAGGCTTGCACTTCAAAGTCCTAGGCTCG","RNF5P1;RNF5;AGPAT1","NR_003129;NM_006913;NM_032741","TSS1500;TSS1500;5'UTR","low-CpG:32253580-32253850","","",NA,"6:32253351-32254508","6:32145152-32146424","Promoter_Associated","AGPAT1;AGPAT1;RNF5;RNF5;RNF5;AGPAT1;AGPAT1;AGPAT1","ENST00000395497.1;ENST00000336984.6;ENST00000375094.3;ENST00000487940.1;ENST00000427134.2;ENST00000395499.1;ENST00000375104.2;ENST00000490711.1","TSS200;5'UTR;TSS1500;TSS1500;TSS1500;TSS1500;TSS1500;TSS1500","AGPAT1;AGPAT1;RNF5;RNF5;RNF5;AGPAT1;AGPAT1;AGPAT1","ENST00000395497.1;ENST00000336984.6;ENST00000375094.3;ENST00000487940.1;ENST00000427134.2;ENST00000395499.1;ENST00000375104.2;ENST00000490711.1","TSS200;5'UTR;TSS1500;TSS1500;TSS1500;TSS1500;TSS1500;TSS1500","chr6:32145405-32146235",3,"",NA,"",NA,NA,TRUE,NA
"28","cg09301199",-0.00941458303578345,0.0692710591372486,-0.135909327113508,0.89234048667067,"exp",0.914104888784589,"cg09301199","chr6",32145654,"-","cg09301199",98673945,NA,"AACTAAAAAACCCRAATAAAACRAACCTAAAACTTTAAAATACAAACCTC","","II","","",NA,NA,NA,NA,NA,NA,"","OpenSea","AGAAAGTCCACAGCTGAAGGACCCGGATGAAGCGAGCCTAGGACTTTGAAGTGCAAGCCT[CG]CCAATTGTAGAGCAGTCACCATGGCGACAAGATAGGGGTGAAGAGGTGGAAAAAGAGAAG","GCTGAAGGACCCGGATGAAGCGAGCCTAGGACTTTGAAGTGCAAGCCTCG","RNF5P1;RNF5;AGPAT1","NR_003129;NM_006913;NM_032741","TSS1500;TSS1500;5'UTR","low-CpG:32253580-32253850","","",NA,"6:32253351-32254508","6:32145152-32146424","Promoter_Associated","AGPAT1;AGPAT1;RNF5;RNF5;RNF5;AGPAT1;AGPAT1;AGPAT1","ENST00000395497.1;ENST00000336984.6;ENST00000375094.3;ENST00000487940.1;ENST00000427134.2;ENST00000395499.1;ENST00000375104.2;ENST00000490711.1","TSS200;5'UTR;TSS1500;TSS1500;TSS1500;TSS1500;TSS1500;TSS1500","AGPAT1;AGPAT1;RNF5;RNF5;RNF5;AGPAT1;AGPAT1;AGPAT1","ENST00000395497.1;ENST00000336984.6;ENST00000375094.3;ENST00000487940.1;ENST00000427134.2;ENST00000395499.1;ENST00000375104.2;ENST00000490711.1","TSS200;5'UTR;TSS1500;TSS1500;TSS1500;TSS1500;TSS1500;TSS1500","chr6:32145405-32146235",3,"",NA,"",NA,NA,TRUE,NA
"29","cg02260340",-0.0808368522548157,0.0721380832670918,-1.12058497528298,0.266857009430232,"exp",0.466999766502906,"cg02260340","chr6",32145753,"+","cg02260340",96806207,86716482,"AAACTTAACAAAAAATAATAATTAAATAAAACACACCTACACAACACACA","AAACTTAACGAAAAATAATAATTAAATAAAACGCGCCTACGCAACACGCG","I","A","Red",NA,NA,NA,NA,NA,NA,"","OpenSea","GTGAAGAGGTGGAAAAAGAGAAGGTTAAACCCTCACAGGATTGGCCCACCCCCGTCCCGC[CG]CGTGCTGCGCAGGCGCGTTTTACCTAACCACCATTTTCCGTCAAGTTTTAGCCAATGAGT","AAACTTGACGGAAAATGGTGGTTAGGTAAAACGCGCCTGCGCAGCACGCG","RNF5P1;RNF5;AGPAT1","NR_003129;NM_006913;NM_032741","TSS1500;TSS1500;5'UTR","low-CpG:32253580-32253850","","",NA,"6:32253351-32254508","6:32145152-32146424","Promoter_Associated","AGPAT1;AGPAT1;RNF5;RNF5;RNF5;AGPAT1;AGPAT1;AGPAT1","ENST00000395497.1;ENST00000336984.6;ENST00000375094.3;ENST00000487940.1;ENST00000427134.2;ENST00000395499.1;ENST00000375104.2;ENST00000490711.1","TSS200;5'UTR;TSS1500;TSS1500;TSS1500;TSS1500;TSS1500;TSS1500","AGPAT1;AGPAT1;RNF5;RNF5;RNF5;AGPAT1;AGPAT1;AGPAT1","ENST00000395497.1;ENST00000336984.6;ENST00000375094.3;ENST00000487940.1;ENST00000427134.2;ENST00000395499.1;ENST00000375104.2;ENST00000490711.1","TSS200;5'UTR;TSS1500;TSS1500;TSS1500;TSS1500;TSS1500;TSS1500","chr6:32145405-32146235",3,"",NA,"",NA,NA,TRUE,NA
"30","cg13763617",0.0772007910426187,0.0959898908848055,0.804259597870207,0.424370425405648,"exp",0.625387995334639,"cg13763617","chr6",32145755,"+","cg13763617",93668866,86736431,"TAAAACTTAACAAAAAATAATAATTAAATAAAACACACCTACACAACACA","TAAAACTTAACGAAAAATAATAATTAAATAAAACGCGCCTACGCAACACG","I","C","Grn",NA,NA,NA,NA,NA,NA,"","OpenSea","GAAGAGGTGGAAAAAGAGAAGGTTAAACCCTCACAGGATTGGCCCACCCCCGTCCCGCCG[CG]TGCTGCGCAGGCGCGTTTTACCTAACCACCATTTTCCGTCAAGTTTTAGCCAATGAGTTG","TAAAACTTGACGGAAAATGGTGGTTAGGTAAAACGCGCCTGCGCAGCACG","RNF5P1;RNF5;AGPAT1","NR_003129;NM_006913;NM_032741","TSS1500;TSS1500;5'UTR","low-CpG:32253580-32253850","","",NA,"6:32253351-32254508","6:32145152-32146424","Promoter_Associated","AGPAT1;AGPAT1;RNF5;RNF5;RNF5;AGPAT1;AGPAT1;AGPAT1","ENST00000395497.1;ENST00000336984.6;ENST00000375094.3;ENST00000487940.1;ENST00000427134.2;ENST00000395499.1;ENST00000375104.2;ENST00000490711.1","TSS200;5'UTR;TSS1500;TSS1500;TSS1500;TSS1500;TSS1500;TSS1500","AGPAT1;AGPAT1;RNF5;RNF5;RNF5;AGPAT1;AGPAT1;AGPAT1","ENST00000395497.1;ENST00000336984.6;ENST00000375094.3;ENST00000487940.1;ENST00000427134.2;ENST00000395499.1;ENST00000375104.2;ENST00000490711.1","TSS200;5'UTR;TSS1500;TSS1500;TSS1500;TSS1500;TSS1500;TSS1500","chr6:32145405-32146235",3,"",NA,"",NA,NA,TRUE,NA
"31","cg08049198",-0.105462026031924,0.0654138669766441,-1.6122273595227,0.112074871281646,"exp",0.261508032990508,"cg08049198","chr6",32145904,"+","cg08049198",94683274,NA,"AATCATAACCAAAACCATAAACAATTTACTCRAAACTACCTATAAACCTC","","II","","",NA,NA,NA,NA,NA,NA,"","OpenSea","ATAGCAATCCGGACATTCTCTAAAAGAGGAAGCGAAGGAAAGAAAGGGGCTTATAGTGGG[CG]AGGTCTATAGGTAGTCCCGAGCAAATTGCTTATGGCTTTGGTTATGACTGACAACTACTC","GTCATAACCAAAGCCATAAGCAATTTGCTCGGGACTACCTATAGACCTCG","AGPAT1;RNF5P1;RNF5","NM_032741;NR_003129;NM_006913","TSS200;TSS1500;TSS1500","","","",NA,"6:32253351-32254508","6:32145152-32146424","Promoter_Associated","AGPAT1;AGPAT1;RNF5;RNF5;RNF5;AGPAT1;AGPAT1;AGPAT1","ENST00000395497.1;ENST00000336984.6;ENST00000375094.3;ENST00000487940.1;ENST00000427134.2;ENST00000395499.1;ENST00000375104.2;ENST00000490711.1","TSS1500;TSS200;TSS1500;TSS1500;TSS1500;TSS1500;TSS1500;TSS1500","AGPAT1;AGPAT1;RNF5;RNF5;RNF5;AGPAT1;AGPAT1;AGPAT1","ENST00000395497.1;ENST00000336984.6;ENST00000375094.3;ENST00000487940.1;ENST00000427134.2;ENST00000395499.1;ENST00000375104.2;ENST00000490711.1","TSS1500;TSS200;TSS1500;TSS1500;TSS1500;TSS1500;TSS1500;TSS1500","chr6:32145405-32146235",3,"",NA,"",NA,TRUE,TRUE,NA
"32","cg23464264",-0.0263480308715649,0.0610007562031707,-0.431929577787682,0.667315548930457,"exp",0.812384146524034,"cg23464264","chr6",32145923,"+","cg23464264",74683927,NA,"ATTCRTCTAAATAATTATCAATCATAACCAAAACCATAAACAATTTACTC","","II","","",NA,NA,NA,NA,NA,NA,"","OpenSea","CTAAAAGAGGAAGCGAAGGAAAGAAAGGGGCTTATAGTGGGCGAGGTCTATAGGTAGTCC[CG]AGCAAATTGCTTATGGCTTTGGTTATGACTGACAACTACTCAGACGAATAAAGCCCTCCT","TTCGTCTGAGTAGTTGTCAGTCATAACCAAAGCCATAAGCAATTTGCTCG","AGPAT1;RNF5P1;RNF5","NM_032741;NR_003129;NM_006913","TSS200;TSS1500;TSS1500","","","",NA,"6:32253351-32254508","6:32145152-32146424","Promoter_Associated","AGPAT1;AGPAT1;RNF5;RNF5;RNF5;AGPAT1;AGPAT1;AGPAT1","ENST00000395497.1;ENST00000336984.6;ENST00000375094.3;ENST00000487940.1;ENST00000427134.2;ENST00000395499.1;ENST00000375104.2;ENST00000490711.1","TSS1500;TSS200;TSS1500;TSS1500;TSS1500;TSS1500;TSS1500;TSS1500","AGPAT1;AGPAT1;RNF5;RNF5;RNF5;AGPAT1;AGPAT1;AGPAT1","ENST00000395497.1;ENST00000336984.6;ENST00000375094.3;ENST00000487940.1;ENST00000427134.2;ENST00000395499.1;ENST00000375104.2;ENST00000490711.1","TSS1500;TSS200;TSS1500;TSS1500;TSS1500;TSS1500;TSS1500;TSS1500","chr6:32145405-32146235",3,"",NA,"",NA,NA,TRUE,NA
"33","cg18928683",-0.122794750593672,0.0494210279848581,-2.48466605411961,0.0157269805517298,"exp",0.0695298087550162,"cg18928683","chr6",32146006,"+","cg18928683",15600288,NA,"ACTAATACRATCTAAATCAATATACAATACCAAAAAATTAATAATAACTC","","II","","",NA,NA,NA,NA,NA,NA,"","OpenSea","GTTATGACTGACAACTACTCAGACGAATAAAGCCCTCCTTGGCCAGGCGACAGCGTGTAG[CG]AGTTATTACCAATCCCTTGGCATTGCACATTGACTTAGACCGTATCAGCCAATAGCCATT","CTGATACGGTCTAAGTCAATGTGCAATGCCAAGGGATTGGTAATAACTCG","AGPAT1;RNF5P1;RNF5","NM_032741;NR_003129;NM_006913","TSS200;TSS1500;TSS200","","","",NA,"6:32253351-32254508","6:32145152-32146424","Promoter_Associated","AGPAT1;AGPAT1;RNF5;RNF5;RNF5;AGPAT1;AGPAT1;AGPAT1","ENST00000395497.1;ENST00000336984.6;ENST00000375094.3;ENST00000487940.1;ENST00000427134.2;ENST00000395499.1;ENST00000375104.2;ENST00000490711.1","TSS1500;TSS200;TSS200;TSS1500;TSS1500;TSS1500;TSS1500;TSS1500","AGPAT1;AGPAT1;RNF5;RNF5;RNF5;AGPAT1;AGPAT1;AGPAT1","ENST00000395497.1;ENST00000336984.6;ENST00000375094.3;ENST00000487940.1;ENST00000427134.2;ENST00000395499.1;ENST00000375104.2;ENST00000490711.1","TSS1500;TSS200;TSS200;TSS1500;TSS1500;TSS1500;TSS1500;TSS1500","chr6:32145405-32146235",3,"",NA,"",NA,NA,TRUE,NA
"34","cg17455891",0.00527738016593002,0.066077067361392,0.0798670458098073,0.936604445332185,"exp",0.947888836239801,"cg17455891","chr6",32146048,"-","cg17455891",8765910,NA,"CRTATAACRAATTATTACCAATCCCTTAACATTACACATTAACTTAAACC","","II","","","rs3096689",0.143625,NA,NA,NA,NA,"","OpenSea","CCAGGCGACAGCGTGTAGCGAGTTATTACCAATCCCTTGGCATTGCACATTGACTTAGAC[CG]TATCAGCCAATAGCCATTGTGCGAAGGCAGGACTGCACTAACCTTTTCCCGCCCCTACCC","CGGTCTAAGTCAATGTGCAATGCCAAGGGATTGGTAATAACTCGCTACAC","AGPAT1;RNF5;RNF5P1","NM_032741;NM_006913;NR_003129","TSS200;TSS200;TSS200","","","",NA,"6:32253351-32254508","6:32145152-32146424","Promoter_Associated","AGPAT1;AGPAT1;RNF5;RNF5;RNF5;AGPAT1;AGPAT1;AGPAT1","ENST00000395497.1;ENST00000336984.6;ENST00000375094.3;ENST00000487940.1;ENST00000427134.2;ENST00000395499.1;ENST00000375104.2;ENST00000490711.1","TSS1500;TSS200;TSS200;TSS200;TSS1500;TSS1500;TSS1500;TSS1500","AGPAT1;AGPAT1;RNF5;RNF5;RNF5;AGPAT1;AGPAT1;AGPAT1","ENST00000395497.1;ENST00000336984.6;ENST00000375094.3;ENST00000487940.1;ENST00000427134.2;ENST00000395499.1;ENST00000375104.2;ENST00000490711.1","TSS1500;TSS200;TSS200;TSS200;TSS1500;TSS1500;TSS1500;TSS1500","chr6:32145405-32146235",3,"",NA,"",NA,NA,NA,NA
"35","cg24425483",-0.0553602084772187,0.071998652655196,-0.768906173041052,0.444915950775701,"exp",0.626740851430572,"cg24425483","chr6",32146195,"-","cg24425483",94622308,NA,"AACAAACATTCAAACCAATAATAATTAAAAAACCTTAAAACCTACCCAAC","","II","","",NA,NA,NA,NA,NA,NA,"","OpenSea","TCTTTGTGACTGGCAGGCATTCAGACCAATAGTGATTAGGAAACCTTGAAGCCTGCCCAA[CG]ATCGTGGGCAGGAGGTGGTTTCTGGTTTGTTGGGGCGTGTGTATGTGTATTTGGGGGGAC","CGTTGGGCAGGCTTCAAGGTTTCCTAATCACTATTGGTCTGAATGCCTGC","RNF5;AGPAT1;RNF5;RNF5P1","NM_006913;NM_032741;NM_006913;NR_003129","1stExon;TSS1500;5'UTR;TSS200","","","",NA,"6:32253351-32254508","6:32145152-32146424","Promoter_Associated","AGPAT1;RNF5;RNF5;AGPAT1;RNF5;RNF5;AGPAT1;AGPAT1;AGPAT1","ENST00000395497.1;ENST00000487940.1;ENST00000427134.2;ENST00000336984.6;ENST00000375094.3;ENST00000375094.3;ENST00000395499.1;ENST00000375104.2;ENST00000490711.1","TSS1500;TSS200;TSS200;TSS1500;5'UTR;1stExon;TSS1500;TSS1500;TSS1500","AGPAT1;RNF5;RNF5;AGPAT1;RNF5;RNF5;AGPAT1;AGPAT1;AGPAT1","ENST00000395497.1;ENST00000487940.1;ENST00000427134.2;ENST00000336984.6;ENST00000375094.3;ENST00000375094.3;ENST00000395499.1;ENST00000375104.2;ENST00000490711.1","TSS1500;TSS200;TSS200;TSS1500;5'UTR;1stExon;TSS1500;TSS1500;TSS1500","chr6:32145405-32146235",3,"",NA,"",NA,NA,TRUE,NA
"36","cg06570818",-0.0579515189865257,0.0771380303357289,-0.751270401049943,0.455378620036121,"exp",0.627078755459577,"cg06570818","chr6",32146466,"+","cg06570818",99718270,NA,"ATCTATATAACTATATAATTATTCRCTCCTAACCTCTCCAATATATAAAC","","II","","","rs3134945",0.145655,NA,NA,NA,NA,"","OpenSea","AGTGTGTGTGGCCACCTGTACTGGTGAGAATCGAGGAGGGGGGCGGGAGGTGGTGGGTCT[CG]CTTATATACTGGAGAGGCTAGGAGCGAATAATCATACAGTCATACAGATAATCGGAGGGC","CGCTTATATACTGGAGAGGCTAGGAGCGAATAATCATACAGTCATACAGA","AGPAT1;RNF5;RNF5P1","NM_032741;NM_006913;NR_003129","TSS1500;Body;Body","","","",NA,"6:32253351-32254508","","","AGPAT1;AGPAT1;RNF5;AGPAT1;AGPAT1","ENST00000395497.1;ENST00000336984.6;ENST00000487940.1;ENST00000375104.2;ENST00000490711.1","TSS1500;TSS1500;5'UTR;TSS1500;TSS1500","AGPAT1;AGPAT1;RNF5;AGPAT1;AGPAT1","ENST00000395497.1;ENST00000336984.6;ENST00000487940.1;ENST00000375104.2;ENST00000490711.1","TSS1500;TSS1500;5'UTR;TSS1500;TSS1500","chr6:32146305-32146695",3,"",NA,"",NA,NA,TRUE,NA
"37","cg07482220",-0.03753854107443,0.0978046906994801,-0.383811254920001,0.702452913606501,"exp",0.827126468907242,"cg07482220","chr6",32146520,"+","cg07482220",60683573,58688935,"CAAAATCTTATATCTCCTATCAAACTTCACCTATAAAAACATACCCTCCA","CAAAATCTTATATCTCCTATCGAACTTCACCTATAAAAACGTACCCTCCG","I","A","Red","rs139977264",0.0119,NA,NA,NA,NA,"","OpenSea","GGGTCTCGCTTATATACTGGAGAGGCTAGGAGCGAATAATCATACAGTCATACAGATAAT[CG]GAGGGCACGTTCCCATAGGTGAAGCCCGACAGGAGACATAAGACTTTGCTGGTATGTGTG","CGGAGGGCACGTTCCCATAGGTGAAGCCCGACAGGAGACATAAGACTTTG","AGPAT1;RNF5;RNF5P1","NM_032741;NM_006913;NR_003129","TSS1500;Body;Body","","","",NA,"6:32253351-32254508","","","AGPAT1;AGPAT1;RNF5;AGPAT1;AGPAT1","ENST00000395497.1;ENST00000336984.6;ENST00000487940.1;ENST00000375104.2;ENST00000490711.1","TSS1500;TSS1500;5'UTR;TSS1500;TSS1500","AGPAT1;AGPAT1;RNF5;AGPAT1;AGPAT1","ENST00000395497.1;ENST00000336984.6;ENST00000487940.1;ENST00000375104.2;ENST00000490711.1","TSS1500;TSS1500;5'UTR;TSS1500;TSS1500","chr6:32146305-32146695",3,"",NA,"",NA,NA,TRUE,NA
"38","cg27370696",-0.102495045297887,0.0796314451175834,-1.28711773529343,0.202915914978838,"exp",0.396393880423777,"cg27370696","chr6",32146529,"+","cg27370696",43773204,NA,"CACATACCAACAAAATCTTATATCTCCTATCRAACTTCACCTATAAAAAC","","II","","","rs139977264",0.0119,NA,NA,NA,NA,"","OpenSea","TTATATACTGGAGAGGCTAGGAGCGAATAATCATACAGTCATACAGATAATCGGAGGGCA[CG]TTCCCATAGGTGAAGCCCGACAGGAGACATAAGACTTTGCTGGTATGTGTGGGTGGGAGT","ACATACCAGCAAAGTCTTATGTCTCCTGTCGGGCTTCACCTATGGGAACG","AGPAT1;RNF5;RNF5P1","NM_032741;NM_006913;NR_003129","TSS1500;Body;Body","","","",NA,"6:32253351-32254508","","","AGPAT1;AGPAT1;RNF5;AGPAT1;AGPAT1","ENST00000395497.1;ENST00000336984.6;ENST00000487940.1;ENST00000375104.2;ENST00000490711.1","TSS1500;TSS1500;5'UTR;TSS1500;TSS1500","AGPAT1;AGPAT1;RNF5;AGPAT1;AGPAT1","ENST00000395497.1;ENST00000336984.6;ENST00000487940.1;ENST00000375104.2;ENST00000490711.1","TSS1500;TSS1500;5'UTR;TSS1500;TSS1500","chr6:32146305-32146695",3,"",NA,"",NA,NA,TRUE,NA
"39","cg24132222",0.0712668125180396,0.0319669175127778,2.2293926991726,0.0294805476592915,"exp",0.10318191680752,"cg24132222","chr6",35406192,"+","cg24132222",70665256,NA,"ATTAATTTAATTTAACCCAAAATTACTTAAACTTATCCTTTCTATTACTC","","II","","",NA,NA,NA,NA,NA,NA,"","OpenSea","CCCCAAACAAAATGTGTTTTATTGGTATGCTAAGAGGTGTCTGGCTGTGGAGGGCCTAAT[CG]AGTAACAGAAAGGACAAGTTTAAGCAATCCTGGGTTAAATCAAATCAATTCCTTTGCAGG","CGAGTAACAGAAAGGACAAGTTTAAGCAATCCTGGGTTAAATCAAATCAA","","","","","","",NA,"","","","","","","","","","",NA,"chr6:35405736-35406213",5,"",NA,NA,NA,NA
"40","cg06706183",0.234103670408124,0.061358703534922,3.81532947929522,0.000319929128329291,"exp",0.00383914953995149,"cg06706183","chr6",53409856,"-","cg06706183",36733238,1731346,"AATCTAATACACTAACTTCTTCCTACTTATAACCAAAACCTACACCACCA","GATCTAATACACTAACTTCTTCCTACTTATAACCAAAACCTACGCCGCCG","I","C","Grn",NA,NA,NA,NA,NA,NA,"chr6:53409120-53410099","Island","CTTCTCTTTGCCGGTCTGGTGCACTGGCTTCTTCCTACTTGTGACCAAAACCTGCGCCGC[CG]CGGAGCATGCCCAGTCTTTGCGTCCGCTAGCTCGCCGCTCCTGGGCGCGATCCTGCGCTC","CGGCGGCGCAGGTTTTGGTCACAAGTAGGAAGAAGCCAGTGCACCAGACC","GCLC","NM_001498","TSS200","high-CpG:53516995-53517860","","",NA,"6:53516993-53518050","6:53409414-53410103","Promoter_Associated","GCLC;GCLC;GCLC","ENST00000229416.6;ENST00000229416.6;ENST00000514004.1","1stExon;5'UTR;TSS200","GCLC;GCLC;GCLC;GCLC;GCLC;GCLC;GCLC","ENST00000504525.1;ENST00000229416.6;ENST00000504525.1;ENST00000229416.6;ENST00000513939.1;ENST00000514004.1;ENST00000505197.1","1stExon;1stExon;5'UTR;5'UTR;TSS1500;TSS200;5'UTR","chr6:53409765-53410055",3,"",NA,"",NA,NA,TRUE,NA
"41","cg11172857",-0.155950814623897,0.0883211061554475,-1.76572533352809,0.0824462616309348,"exp",0.214107530459505,"cg11172857","chr6",168956903,"+","cg11172857",81643535,89659390,"TCCCAAATATAAACATAAAAAAAATCCTATAAACAACCCCACCCCAACCA","TCCCGAATATAAACGTAAAAAAAATCCTATAAACAACCCCACCCCAACCG","I","A","Red",NA,NA,NA,NA,NA,NA,"chr6:168956417-168957200","Island","CGGGAGGGAAGGAGGGACTCAGGTGGGGGTCCCAGCTCCGAGGGCGTCCGTGGCCTCTCC[CG]GCTGGGGTGGGGCTGCCCACAGGACTCTCCCCACGCCCATACTCGGGAACCAGGGGAAGC","CGGCTGGGGTGGGGCTGCCCACAGGACTCTCCCCACGCCCATACTCGGGA","SMOC2;SMOC2","NM_022138;NM_001166412","Body;Body","","","",NA,"6:168698814-168700049","","","","","","","","","chr6:168956425-168957195",3,"",NA,"",NA,NA,TRUE,NA
"42","cg03886307",-0.0307445427014287,0.033517978305045,-0.917255283765167,0.362621307963576,"exp",0.555710552951836,"cg03886307","chr7",21165124,"+","cg03886307",52612978,NA,"CAAAACATACAACTTACCTACAAACTAAACCACCTACTTAACTACCTAAC","","II","","",NA,NA,NA,NA,NA,NA,"","OpenSea","AAGAAGGCGCTTTTTCAGAGTGAAATTGGGAAACCATGCAGAGGCCAGCAGGAGGCGAAG[CG]TCAGGCAGTCAAGCAGGTGGCCCAGCCTGCAGGTAAGCTGCATGCCTTGCCATGCTAATT","AAGGCATGCAGCTTACCTGCAGGCTGGGCCACCTGCTTGACTGCCTGACG","","","","","","",NA,"","","","","","","","","","chr7:21165020-21165275",3,"",NA,"",NA,NA,NA,NA
"43","cg12498409",-0.0683119412886175,0.0455833129780391,-1.49861729711328,0.139130509134712,"exp",0.30755165177147,"cg12498409","chr7",40174463,"+","cg12498409",49797220,1754172,"CAAACAAAACTAAACACTAATCACCTACTAAACCAACTTCTAATCTATCA","CGAACGAAACTAAACACTAATCGCCTACTAAACCAACTTCTAATCTATCG","I","A","Red",NA,NA,NA,NA,NA,NA,"chr7:40173881-40175018","Island","GAAAGGACGGACACCCAAGCCCAGCAACAACCTTTCCAGTCTGAGTGCCCTTGGTCTGAC[CG]ACAGACTAGAAGCTGGCCCAGCAGGCGACTAGTGCTCAGCCCCGCCCGGCGGGGGCGGGG","CGGGCGGGGCTGAGCACTAGTCGCCTGCTGGGCCAGCTTCTAGTCTGTCG","C7orf10;C7orf11","NM_024728;NM_138701","TSS200;TSS1500","high-CpG:40140465-40141049","","",NA,"7:40140334-40141510","7:40173315-40175263","Promoter_Associated","C7orf10;C7orf10;C7orf10;MPLKIP","ENST00000309930.5;ENST00000401647.2;ENST00000540834.1;ENST00000306984.5","TSS200;TSS200;TSS200;TSS1500","C7orf10;C7orf10;C7orf10;C7orf10;C7orf10;MPLKIP","ENST00000309930.5;ENST00000401647.2;ENST00000444074.1;ENST00000413931.1;ENST00000540834.1;ENST00000306984.5","TSS200;TSS200;TSS200;TSS200;TSS200;TSS1500","chr7:40173525-40175190",3,"",NA,"",NA,NA,TRUE,NA
"44","cg10269127",-0.0930367690748943,0.052983209736757,-1.75596702308411,0.08411367268052,"exp",0.214107530459505,"cg10269127","chr7",138552716,"-","cg10269127",41667260,34747856,"TTTCTAAAAACCACCCCACCCAAATTCCAAAAACTAAAATCAATAACACA","TTTCTAAAAACCGCCCCACCCGAATTCCAAAAACTAAAATCGATAACACG","I","C","Grn",NA,NA,NA,NA,NA,NA,"chr7:138552661-138552870","Island","TTTCAGCGCATCTTTCTAGGAGCCGCCCCACCCGAGTTCCAGAAACTGGAGTCGGTGGCA[CG]CACTGGGCATCCGATGTAGGCTGAGTTGTGGACGCCGGGGGGCCTCCTGTAGGTGCCATC","TTTCTAGGAGCCGCCCCACCCGAGTTCCAGAAACTGGAGTCGGTGGCACG","KIAA1549;KIAA1549","NM_001164665;NM_020910","Body;Body","","","",NA,"7:138203248-138203410","","","KIAA1549","ENST00000242365.4","ExonBnd","KIAA1549","ENST00000242365.4","ExonBnd","",NA,"",NA,"",NA,NA,TRUE,NA
"45","cg11790979",-0.34683723296709,0.0661298250645855,-5.24479283936336,2.07352453598003e-06,"exp",0.000160743300977385,"cg11790979","chr7",150076338,"-","cg11790979",57627148,41747540,"TAAAACCAAACAAATCATCTAAACAACACAACCAATAAAATAACTAAACA","TAAAACCGAACGAATCATCTAAACGACGCAACCAATAAAATAACTAAACG","I","A","Red",NA,NA,NA,NA,NA,NA,"chr7:150075939-150076856","Island","GGGCTGCTCCGATAGGGCCGGGCGGGTCATCTGAGCGGCGCAGCCAATGGAGTGGCTGGG[CG]GCCCCGGGGATGGCCAGGCCCGCCAGCCAATCAGGCACCCGTGCCCGCCCCGCCTGCCCC","TAGGGCCGGGCGGGTCATCTGAGCGGCGCAGCCAATGGAGTGGCTGGGCG","ZNF775","NM_173680","TSS200","","","",NA,"7:149706873-149708028","7:150075163-150076681","Promoter_Associated","ZNF775","ENST00000329630.5","TSS200","ZNF775;ZNF775;ZNF775","ENST00000483664.1;ENST00000329630.5;ENST00000478789.1","TSS200;TSS200;5'UTR","chr7:150076140-150076475",3,"",NA,"",NA,NA,TRUE,NA
"46","cg21053301",0.038752591715853,0.0307201381831219,1.26147192062906,0.211941629723335,"exp",0.404615838562731,"cg21053301","chr8",8310138,"-","cg21053301",48802120,NA,"ATTCTTTAATTTTTATAATAAACTCTTTCATCCACATTCAACTCTAACAC","","II","","","rs11778238",0.016871,NA,NA,NA,NA,"","OpenSea","TAAAAAAAGGCATTCTTTAATTTTTATGATGGACTCTTTCATCCACATTCAGCTCTGACA[CG]TAGGAGTCACTTTTCTTTCTTTCCTACATTTGTTCTGTCGATCTGATTTAAAAAAAAACA","CGTGTCAGAGCTGAATGTGGATGAAAGAGTCCATCATAAAAATTAAAGAA","","","","","","",NA,"","","","","","","","","","",NA,"chr8:8310130-8310681",5,"chr8:8310104-8310610",6,NA,NA,NA
"47","cg22990430",-0.0296352720662396,0.0869274218751558,-0.340919717011756,0.734335469308608,"exp",0.827126468907242,"cg22990430","chr8",56433632,"-","cg22990430",86670456,42790890,"CTTTAATTAACACAAACCTAACCAACAATACAATTATCTTCCTAAAAACA","CTTTAATTAACGCGAACCTAACCGACGATACAATTATCTTCCTAAAAACG","I","A","Red","rs113146291",0.020128,NA,NA,NA,NA,"","OpenSea","TTAACAACCCCGCTTTGGTTGGCGCGAGCCTGACCGGCGGTGCAGTTATCTTCCTGAAGG[CG]GCGCTGTGCCCCAGCTGTGCTGAAGGAGGCCGGCGTGAAGGAAGGGGAGGGGCGTTCCCG","CTTTGGTTGGCGCGAGCCTGACCGGCGGTGCAGTTATCTTCCTGAAGGCG","XKR4","NM_052898","Body","","","DMR",TRUE,"8:56596136-56596272","","","RP11-628E19.2","ENST00000522918.1","TSS200","RP11-628E19.2","ENST00000522918.1","TSS200","chr8:56433520-56433810",3,"",NA,"",NA,NA,TRUE,NA
"48","cg16653966",0.0611617376259282,0.0336624176580074,1.81691458549708,0.0741434021286222,"exp",0.214107530459505,"cg16653966","chr8",68069776,"+","cg16653966",85710588,NA,"TCTAATACTATTAATTTTTAAACTACAAAAACTTTAATCTAACCAAACRC","","II","","",NA,NA,NA,NA,NA,NA,"","OpenSea","AGACGGGGTTACACCATGTTGGCCAGGCTGGTTTCGAACTCCTGACCTCAGGTGAGCCAC[CG]CGCCTGGCCAGATTAAAGTTCTTGTAGCTCAAAAATTAATAGCACTAGATAGAGCAACCT","CGCGCCTGGCCAGATTAAAGTTCTTGTAGCTCAAAAATTAATAGCACTAG","CSPP1;CSPP1","NM_024790;NM_001291339","Body;Body","","","",NA,"","","","CSPP1","ENST00000521168.1","TSS200","CSPP1;CSPP1","ENST00000521168.1;ENST00000519163.1","TSS200;3'UTR","",NA,"",NA,"",NA,NA,NA,NA
"49","cg25153092",0.00782084968909168,0.0416176342993095,0.187921534243032,0.851561895477755,"exp",0.894139990251643,"cg25153092","chr8",130960409,"+","cg25153092",58760943,NA,"TTCTATTTCCTATATCAACAACACATTCCCAATTTAAACTTCAAAACATC","","II","","","rs76676835",0.015639,NA,NA,NA,NA,"","OpenSea","GTCAACTAGAGAAGCAAAATTGTTTGCAGCCGGAAAAGCTGATGTATGACGAAGCAAGGA[CG]ATGCCTTGAAGTTCAAATTGGGAATGTGCTGCTGATACAGGAAACAGAAATGAAGAGTGT","TCTGTTTCCTGTATCAGCAGCACATTCCCAATTTGAACTTCAAGGCATCG","FAM49B;FAM49B","NR_046361;NR_046360","Body;Body","","","",NA,"","","","RP11-473O4.3;FAM49B;FAM49B;FAM49B;FAM49B","ENST00000520146.1;ENST00000518879.1;ENST00000523509.1;ENST00000401979.2;ENST00000519110.1","5'UTR;3'UTR;5'UTR;5'UTR;5'UTR","RP11-473O4.3;FAM49B;FAM49B;FAM49B;FAM49B;FAM49B;FAM49B;FAM49B;FAM49B;FAM49B;FAM49B;FAM49B;FAM49B;FAM49B","ENST00000520146.1;ENST00000523288.1;ENST00000518879.1;ENST00000522702.1;ENST00000521223.1;ENST00000517672.1;ENST00000519142.1;ENST00000523509.1;ENST00000401979.2;ENST00000518167.1;ENST00000519020.1;ENST00000518283.1;ENST00000519110.1;ENST00000523993.1","5'UTR;3'UTR;3'UTR;3'UTR;3'UTR;5'UTR;5'UTR;5'UTR;5'UTR;5'UTR;5'UTR;5'UTR;5'UTR;5'UTR","chr8:130960285-130960610",3,"",NA,"",NA,NA,NA,NA
"50","cg02124746",0.0156851347948584,0.0485784164299332,0.322882793379685,0.747888193870412,"exp",0.827126468907242,"cg02124746","chr9",91615137,"-","cg02124746",11607932,NA,"TTTAAAATTCAAAATCCATTAAAACCTTCACTCACCACTTTCCCTCTCTC","","II","","",NA,NA,NA,NA,NA,NA,"chr9:91615900-91616245","N_Shore","TGGGGGAAGAGTTTGGAATTCAGAATCCATTGAGGCCTTCACTCACCACTTTCCCTCTCT[CG]CTGTGTTCCCAAATGTGCCACTTTTCTGTTGGCTCACATGCACCCATGCTCTATTTGATA","TTGGAATTCAGAATCCATTGAGGCCTTCACTCACCACTTTCCCTCTCTCG","S1PR3","NM_005226","5'UTR","","","",TRUE,"","","","S1PR3;S1PR3;S1PR3","ENST00000358157.2;ENST00000375846.3;ENST00000375846.3","5'UTR;5'UTR;1stExon","S1PR3;S1PR3;S1PR3","ENST00000358157.2;ENST00000375846.3;ENST00000375846.3","5'UTR;5'UTR;1stExon","chr9:91614965-91615275",3,"",NA,"",NA,NA,TRUE,NA
"51","cg00267172",0.0124991158026224,0.0421912144876237,0.296249253651822,0.768046006842439,"exp",0.827126468907242,"cg00267172","chr10",11487791,"-","cg00267172",48672283,NA,"ATAAACTATTCCTATTCACATTAAACRTCATCTCAAATATAACATATCCC","","II","","",NA,NA,NA,NA,NA,NA,"","OpenSea","GCCCGGCATATGTGGGCTATTCCTATTCACATTAGGCGTCATCTCAAGTGTAACATGTCC[CG]TGCTGCACTCCTGATATCCCCCTGCTCCTCCCATCTCCCCAACCCAGTGAATGGCACCTT","CGGGACATGTTACACTTGAGATGACGCCTAATGTGAATAGGAATAGCCCA","","","","","","",NA,"","","","","","","","","","chr10:11487665-11488035",3,"",NA,"",NA,NA,NA,NA
"52","cg07343438",-0.0622064005415222,0.038031506259702,-1.63565439971637,0.107062087349748,"exp",0.256949009639396,"cg07343438","chr10",43815780,"-","cg07343438",91672851,NA,"ATCCTAAAAATCAACTAAAATCATAAATAAATACTTTACCAAAACCACTC","","II","","","rs12571189",0.012327,NA,NA,NA,NA,"chr10:43818074-43818604","N_Shelf","ATCTCAGCTCTGTCCTGGAGGTCAGCTAAGATCATGGGTAAGTGCTTTGCCAAGACCACT[CG]CTACAATGTGTCTCTGGAACAACATCCCCTTATTGCCGCAGTGCAGTTCCAAGCTCCTGC","TCCTGGAGGTCAGCTAAGATCATGGGTAAGTGCTTTGCCAAGACCACTCG","","","","","","",NA,"","","","","","","","","","",NA,"",NA,"",NA,NA,TRUE,NA
"53","cg23788374",0.0451676696125105,0.141446141977983,0.31932768883538,0.750569058216026,"exp",0.827126468907242,"cg23788374","chr10",114498704,"+","cg23788374",84635375,NA,"ACTACATACATCATTAAAAATCTAAAATCCATTCAAAACRAATTCAAACC","","II","","","rs115546151",0.012163,NA,NA,NA,NA,"","OpenSea","TTATGGAATTCAGCAGTGACCTAGCCGCATGATCCCGCAGTGAGGGCTTAACACGTTCCA[CG]GCCTGAACTCGCTCTGAATGGACTCCAGATTCCCAATGATGCATGCAGCCCCTCAGGGTC","CGGCCTGAACTCGCTCTGAATGGACTCCAGATTCCCAATGATGCATGCAG","VTI1A","NM_145206","Body","","","",NA,"","","","RP11-25C19.1","ENST00000420207.1","5'UTR","RP11-25C19.1","ENST00000420207.1","5'UTR","chr10:114498660-114498810",3,"",NA,"",NA,NA,NA,NA
"54","cg21903920",-0.0372350876667413,0.0700927279661475,-0.531226116420018,0.597191206941491,"exp",0.750642253755897,"cg21903920","chr10",124145541,"-","cg21903920",40790936,98693150,"CTTCAATTCATTTAAATAAATACCTAAAAATAAAATTACCAAATTATTCA","CTTCAATTCATTTAAATAAATACCTAAAAATAAAATTACCGAATTATTCG","I","C","Grn",NA,NA,NA,NA,NA,NA,"","OpenSea","GTGAACATAAGCCTTCAATTCATTTGGATAAATACCTAGGAGTGGGATTGCCGGGTTGTT[CG]CTAAGGATCTGTTTAACTGTAAAAACTGCCAAACTGTTTTCCAAAGTTGCTATGTCATTT","CTTCAATTCATTTGGATAAATACCTAGGAGTGGGATTGCCGGGTTGTTCG","PLEKHA1;PLEKHA1","NM_001195608;NM_001001974","TSS200;5'UTR","","","",NA,"","","","PLEKHA1;PLEKHA1;PLEKHA1","ENST00000538022.1;ENST00000368990.3;ENST00000409427.1","TSS200;5'UTR;5'UTR","PLEKHA1;PLEKHA1;PLEKHA1;PLEKHA1;PLEKHA1;PLEKHA1;PLEKHA1;PLEKHA1","ENST00000392799.2;ENST00000538022.1;ENST00000479786.1;ENST00000368990.3;ENST00000494222.1;ENST00000409427.1;ENST00000463663.1;ENST00000491369.1","TSS1500;TSS200;5'UTR;5'UTR;5'UTR;5'UTR;5'UTR;5'UTR","",NA,"",NA,"",NA,NA,NA,NA
"55","cg23962250",0.0400786285720662,0.0927857267453493,0.431948209901531,0.667302080789872,"exp",0.812384146524034,"cg23962250","chr10",134755955,"-","cg23962250",88639584,5698324,"CCAAAACAAAAATCATAACAAACCTAAAATCACCTTACTAACTCTCAACA","CCGAAACGAAAATCGTAACGAACCTAAAATCACCTTACTAACTCTCGACG","I","C","Grn",NA,NA,NA,NA,NA,NA,"chr10:134755663-134756852","Island","CCCGGGGCCTCCCCGGGGCGGGGGTCGTGGCGGGCCTGGGGTCACCTTGCTGGCTCTCGG[CG]CGGGCCAGCTCCTGCGTGATGACCAGGTCCATGGCGCCGGCGCCCTGCTCGTCCGCTCTC","CCGGGGCGGGGGTCGTGGCGGGCCTGGGGTCACCTTGCTGGCTCTCGGCG","C10orf93","NM_173572","1stExon","","","",TRUE,"10:134605558-134606384","","","TTC40;TTC40","ENST00000368582.2;ENST00000368586.4","1stExon;1stExon","TTC40;TTC40;TTC40;TTC40","ENST00000475340.1;ENST00000475340.1;ENST00000368582.2;ENST00000368586.4","3'UTR;1stExon;1stExon;1stExon","",NA,"chr10:134752864-134757200",6,"chr10:134755155-134756726",6,NA,TRUE,NA
"56","cg06267084",0.000898615747886128,0.0540063336952568,0.0166390807596156,0.986778850759622,"exp",0.986778850759622,"cg06267084","chr11",392508,"+","cg06267084",29618133,NA,"TAAAAACRCCCAACTCATCRAACTAACTAATTCCCTAAAAAACAAATTTC","","II","","",NA,NA,NA,NA,NA,NA,"chr11:394257-394619","N_Shore","GGCACATACCTCCAGGCCCGCTCTGCGCCGCACAAACTTGTCTCCCAGGATTTTTCCACA[CG]AAACCTGTCTCCCAGGGAATCAGCCAGTCCGATGAGCTGGGCGTTCCCACCCCGCCCTCC","GGGAACGCCCAGCTCATCGGACTGGCTGATTCCCTGGGAGACAGGTTTCG","","","","","","",NA,"11:382466-382619","","","","","","PKP3;PKP3;PKP3","ENST00000534401.1;ENST00000533249.1;ENST00000527442.1","TSS200;TSS1500;TSS1500","chr11:392325-392675",3,"",NA,"",NA,NA,TRUE,NA
"57","cg06818975",0.0497643604687329,0.0787575026048443,0.631868188081321,0.52983407137855,"exp",0.695407218684347,"cg06818975","chr11",66063091,"+","cg06818975",31677586,NA,"AAAAACCRTAAAAAATCTCAAAAAACACCCTACCCATCCCCCTAACAACC","","II","","",NA,NA,NA,NA,NA,NA,"chr11:66061831-66063092","Island","GAGCCCGCCCTGCTATGAGGACGCCCTCTACTTCCCGGTGCTCATTGTCCACGGAGACAG[CG]GCTGCCAGGGGGATGGGCAGGGTGCTCTCTGAGACCCCCCACGGCCCCCAGAGTGGCCCC","CGGCTGCCAGGGGGATGGGCAGGGTGCTCTCTGAGACCCCCCACGGCCCC","TMEM151A","NM_153266","Body","","","",NA,"","","","","","","","","","",NA,"chr11:66058577-66065447",6,"",NA,NA,TRUE,NA
"58","cg20725662",0.0614548080907008,0.0804132477009812,0.764237359486116,0.447672036736123,"exp",0.626740851430572,"cg20725662","chr12",978764,"+","cg20725662",77645177,NA,"TTTCTATCTTTTTTTATTCCCATAATATACTTTATCTTTTTAAATCCTTC","","II","","",NA,NA,NA,NA,NA,NA,"","OpenSea","GAAAATAGGGAATGCTGTTTTTGAGGTAATATTAATAATACACAGAATTTTCATTAGTGT[CG]AAGGATCTAAAAAGACAAAGTATATCATGGGAATAAAAAAAGATAGAAAAGGAAACAGTT","TTCTATCTTTTTTTATTCCCATGATATACTTTGTCTTTTTAGATCCTTCG","HSN2;HSN2;WNK1","NM_213655;NM_213655;NM_018979","1stExon;3'UTR;Body","","","",NA,"","","","WNK1","ENST00000537501.1","5'UTR","WNK1","ENST00000537501.1","5'UTR","",NA,"",NA,"",NA,NA,TRUE,NA
"59","cg12391352",0.0309699564791877,0.0821381557357003,0.377047137250575,0.707447118912595,"exp",0.827126468907242,"cg12391352","chr12",99139768,"+","cg12391352",99800559,5627908,"AAAATACCCTACAAAAAATCAATATACAATAAATATATATCCAAAAAACA","AAAATACCCTACAAAAAATCGATATACGATAAATATATATCCAAAAAACG","I","A","Red",NA,NA,NA,NA,NA,NA,"chr12:99139386-99139769","Island","ACGCGAGGCCCCTCGCCCCAGGCGCGGGGCGGCGATGCTGGTCTAGGCGGCTCGCGGGCT[CG]CTCTTTGGACACACATTTACCGCATACCGACTCTCTGCAGGGCACCCTGAGGGTGACGGT","CGCTCTTTGGACACACATTTACCGCATACCGACTCTCTGCAGGGCACCCT","ANKS1B;ANKS1B;ANKS1B","NM_020140;NM_152788;NM_181670","Body;Body;Body","","","DMR",NA,"12:97663518-97663929","12:99139311-99139893","Unclassified_Cell_type_specific","ANKS1B","ENST00000546541.1","3'UTR","ANKS1B;ANKS1B;ANKS1B","ENST00000551212.1;ENST00000546541.1;ENST00000547362.1","TSS200;3'UTR;3'UTR","chr12:99139220-99139975",3,"",NA,"",NA,NA,TRUE,NA
"60","cg26214972",0.0705848171283459,0.0614207651902694,1.14920120108709,0.254959115361268,"exp",0.455671610432905,"cg26214972","chr12",120780777,"-","cg26214972",9777276,98706899,"AACATTAATAAAAAAACCAAACACTATTAAAAACAACAAAACAAAAACCA","AACGTTAATAAAAAAACCAAACGCTATTAAAAACAACAAAACAAAAACCG","I","A","Red",NA,NA,NA,NA,NA,NA,"","OpenSea","GGCGAAGAGGGGGACGTTAGTAGGGGAGCCAGACGCTGTTGGGGGCAGCAGGGCAGGGGC[CG]GGCCCGGGGAGTTGGGGGCAGGCAGTAGCGGGTCCGAGTCGCTGCAGGGGAGGGGGCGGC","GACGTTAGTAGGGGAGCCAGACGCTGTTGGGGGCAGCAGGGCAGGGGCCG","MSI1","NM_002442","3'UTR","","","",NA,"12:119265080-119265262","","","MSI1","ENST00000257552.2","3'UTR","MSI1","ENST00000257552.2","3'UTR","chr12:120780685-120780975",3,"",NA,"",NA,NA,TRUE,NA
"61","cg09042952",-0.274806752012148,0.0660303313416869,-4.16182603401014,0.000100651539748853,"exp",0.0028182431129679,"cg09042952","chr12",122237463,"+","cg09042952",10671238,86757394,"ATACAAAAAAATCCACTTACAAATATTTCCCAATTATATATTCTTCAACA","ATACGAAAAAATCCACTTACAAATATTTCCCAATTATATATTCTTCGACG","I","A","Red",NA,NA,NA,NA,NA,NA,"chr12:122238028-122239351","N_Shore","TGGGCTTTCTGACAGTGACCTGTGTCTTTCAGAAGTAGGCGGCACCCAGGGCCCTCCCCC[CG]CCGAAGAACACACAACTGGGAAATACTTGCAAGTGGATCCTCTCGTATGCTGCTATATTC","ATACGAGAGGATCCACTTGCAAGTATTTCCCAGTTGTGTGTTCTTCGGCG","LOC338799","NR_002809","Body","","","",NA,"12:120721597-120723872","12:122237265-122239180","Promoter_Associated","AC084018.1;AC084018.1;AC084018.1;AC084018.1;AC084018.1;AC084018.1;AC084018.1;AC084018.1;AC084018.1;RP11-347I19.3;AC084018.1","ENST00000542933.1;ENST00000537157.1;ENST00000428029.2;ENST00000541694.1;ENST00000543167.1;ENST00000535643.1;ENST00000543334.1;ENST00000535614.1;ENST00000536662.1;ENST00000545544.1;ENST00000429892.1","3'UTR;3'UTR;3'UTR;3'UTR;3'UTR;3'UTR;3'UTR;3'UTR;3'UTR;3'UTR;3'UTR","AC084018.1;AC084018.1;AC084018.1;AC084018.1;AC084018.1;AC084018.1;AC084018.1;AC084018.1;AC084018.1;RP11-347I19.3;RP11-347I19.3;RP11-347I19.3;AC084018.1","ENST00000542933.1;ENST00000537157.1;ENST00000428029.2;ENST00000541694.1;ENST00000543167.1;ENST00000535643.1;ENST00000543334.1;ENST00000535614.1;ENST00000536662.1;ENST00000546227.1;ENST00000541657.1;ENST00000545544.1;ENST00000429892.1","3'UTR;3'UTR;3'UTR;3'UTR;3'UTR;3'UTR;3'UTR;3'UTR;3'UTR;3'UTR;3'UTR;3'UTR;3'UTR","chr12:122237045-122238655",3,"",NA,"",NA,NA,TRUE,NA
"62","cg04792963",-0.0293785551567183,0.0555362259241935,-0.528998048891903,0.598726559543394,"exp",0.750642253755897,"cg04792963","chr12",133015383,"-","cg04792963",2709360,NA,"AAAACTAAAAAAACTCCAAAATAAATAATAAAACACRTAACACCAATACC","","II","","",NA,NA,NA,NA,NA,NA,"chr12:133015368-133015635","Island","GGCCCTAGAGTAGAGCTGGGAGGGCTCCAGGGTGGGTGATGGGGCACGTGACACCAGTAC[CG]CTATGCGTCCGGCCCACCCGAGCCTCCGTGCTGTGCAAGGAGCGGGCTGCACCCCAGAGC","CGGTACTGGTGTCACGTGCCCCATCACCCACCCTGGAGCCCTCCCAGCTC","","","","","","",NA,"12:131525442-131525708","","","","","","","","","chr12:133013485-133016555",3,"",NA,"",NA,NA,TRUE,NA
"63","cg19115132",0.331994181071384,0.0653553786660978,5.07982950825746,3.8272214518425e-06,"exp",0.000160743300977385,"cg19115132","chr15",45879518,"-","cg19115132",33774924,17649901,"TAAAACAAAACCAACTCTCAAACACATAATCAAAACCCACAATTTTTTCA","TAAAACAAAACCAACTCTCGAACGCGTAATCGAAACCCGCAATTTTTTCG","I","C","Grn","rs115857479",0.017376,NA,NA,NA,NA,"chr15:45879274-45879918","Island","CCCACAACGCCATGGGGCAGAGCCAACTCTCGAGCGCGTGATCGAAGCCCGCAGTTTTTT[CG]CCCCCGTCACTTCCGGGTGCGACAATCTCTTCTGTCCGGCCAGCCGCTGGAGTCGTTAGG","TGGGGCAGAGCCAACTCTCGAGCGCGTGATCGAAGCCCGCAGTTTTTTCG","BLOC1S6;BLOC1S6","NM_012388;NM_012388","5'UTR;1stExon","","","",NA,"15:43666442-43667246","15:45878860-45880343","Promoter_Associated","PLDN;PLDN;PLDN;PLDN;PLDN;PLDN;RP11-96O20.4;PLDN;PLDN;PLDN;PLDN;PLDN;PLDN;PLDN","ENST00000568816.1;ENST00000565323.1;ENST00000565409.1;ENST00000564765.1;ENST00000220531.3;ENST00000220531.3;ENST00000564080.1;ENST00000562384.1;ENST00000566753.1;ENST00000567740.1;ENST00000565216.1;ENST00000567461.1;ENST00000567740.1;ENST00000567461.1","TSS1500;TSS1500;TSS1500;TSS1500;5'UTR;1stExon;TSS200;TSS200;TSS200;1stExon;TSS200;1stExon;5'UTR;5'UTR","PLDN;PLDN;PLDN;PLDN;PLDN;PLDN;PLDN;PLDN;PLDN;PLDN;RP11-96O20.4;PLDN;PLDN;PLDN;PLDN;PLDN;PLDN;PLDN;PLDN;PLDN;PLDN","ENST00000563000.1;ENST00000566801.1;ENST00000568816.1;ENST00000565323.1;ENST00000563160.1;ENST00000565727.1;ENST00000565409.1;ENST00000564765.1;ENST00000220531.3;ENST00000220531.3;ENST00000564080.1;ENST00000562384.1;ENST00000569076.1;ENST00000566753.1;ENST00000568597.1;ENST00000566184.1;ENST00000567740.1;ENST00000565216.1;ENST00000567461.1;ENST00000567740.1;ENST00000567461.1","TSS1500;TSS1500;TSS1500;TSS1500;TSS1500;TSS1500;TSS1500;TSS1500;5'UTR;1stExon;TSS200;TSS200;TSS200;TSS200;TSS200;TSS200;1stExon;TSS200;1stExon;5'UTR;5'UTR","chr15:45879180-45880150",3,"",NA,"",NA,NA,NA,NA
"64","cg07953400",-0.0763819601554041,0.0465316732034997,-1.64150469770039,0.105839092979084,"exp",0.256949009639396,"cg07953400","chr16",619759,"+","cg07953400",33750277,98689204,"TCAATTTCCTCACCTAAAAAACTAACTAAACCTAACCTTCATAAAACCCA","TCGATTTCCTCACCTAAAAAACTAACTAAACCTAACCTTCGTAAAACCCG","I","A","Red",NA,NA,NA,NA,NA,NA,"chr16:619805-620195","N_Shore","TGGAATCCCGCAGGGCCTGGGGACCTGTTCACTTGGGGAGGCTGGGAGCCAGGCGGGGTC[CG]GGTTCCACGAAGGCCAGGTCCAGTCAGTTTCTCAGGTGAGGAAACCGAGCTGACGCGGGG","CGGGTTCCACGAAGGCCAGGTCCAGTCAGTTTCTCAGGTGAGGAAACCGA","PIGQ;PIGQ","NM_004204;NM_148920","TSS1500;TSS1500","","","",NA,"16:559666-560317","16:619287-620522","Promoter_Associated","PIGQ;PIGQ;PIGQ;PIGQ","ENST00000026218.5;ENST00000470411.2;ENST00000321878.5;ENST00000409527.2","TSS1500;TSS1500;TSS200;5'UTR","PIGQ;PIGQ;PIGQ;PIGQ;PIGQ;PIGQ;PIGQ;PIGQ;PIGQ","ENST00000439574.1;ENST00000026218.5;ENST00000470411.2;ENST00000422307.1;ENST00000321878.5;ENST00000293874.2;ENST00000409527.2;ENST00000409439.2;ENST00000422307.1","TSS1500;TSS1500;TSS1500;1stExon;TSS200;5'UTR;5'UTR;5'UTR;5'UTR","chr16:619285-620470",3,"",NA,"",NA,NA,TRUE,NA
"65","cg03444587",-0.014127726717468,0.0471743536977607,-0.299478967067196,0.765592673901958,"exp",0.827126468907242,"cg03444587","chr16",2054271,"+","cg03444587",59622264,NA,"TACAAATACCAAAAACCCCTAAAAAAAAACCCACRCAAAAACTCTACAAC","","II","","",NA,NA,NA,NA,NA,NA,"chr16:2054011-2054288","Island","TGGCGCCTTCACGGCACGAGGCTCAAGCCGACCACCTCAGCTCCGTGCATCCTCAGCAGG[CG]CTGCAGAGCCTCTGCGTGGGCCCCTTCCCAGGGGTCTCTGGCACCTGCAAAGCTGGCTGC","GCAGGTGCCAGAGACCCCTGGGAAGGGGCCCACGCAGAGGCTCTGCAGCG","ZNF598","NM_178167","Body","","","",NA,"16:1994073-1994273","16:2053443-2054692","Gene_Associated","","","","ZNF598;ZNF598;ZNF598","ENST00000564824.1;ENST00000562988.1;ENST00000565396.1","3'UTR;3'UTR;3'UTR","chr16:2053905-2054295",3,"",NA,"",NA,NA,TRUE,NA
"66","cg04919263",0.0467134181278404,0.046339593995348,1.00806705670598,0.317404356079093,"exp",0.520658496387352,"cg04919263","chr16",3086292,"-","cg04919263",95608553,10667142,"TAACATAAAACCCAAAACAAAACAAAATAACAAATTATACCAACCACCCA","TAACGTAAAACCCAAAACAAAACGAAATAACAAATTATACCGACCGCCCG","I","A","Red",NA,NA,NA,NA,NA,NA,"chr16:3086283-3086968","Island","TTCCCAGGGCCCTGGCGTGGGGCCCAGGACAGGGCGAGGTAACAGGTTGTGCCGGCCGCC[CG]GCCGCAGCGCGGCTCGGAGTTTCTGTTTACTTCCCGGTCCGCCCCTGGGGACGGGAGCCC","CGGGCGGCCGGCACAACCTGTTACCTCGCCCTGTCCTGGGCCCCACGCCA","CCDC64B","NM_001103175","TSS1500","","","",NA,"16:3026289-3027057","16:3085847-3086951","Unclassified_Cell_type_specific","RP11-473M20.5;CCDC64B;CCDC64B","ENST00000382225.3;ENST00000572449.1;ENST00000389347.4","5'UTR;5'UTR;TSS1500","RP11-473M20.5;CCDC64B;CCDC64B;CCDC64B","ENST00000382225.3;ENST00000572449.1;ENST00000389347.4;ENST00000576826.1","5'UTR;5'UTR;TSS1500;3'UTR","chr16:3085945-3087110",3,"",NA,"",NA,NA,TRUE,NA
"67","cg26801741",0.0813155280165538,0.0460246016120304,1.7667839626731,0.0822670350447714,"exp",0.214107530459505,"cg26801741","chr16",12252833,"+","cg26801741",93683420,NA,"AAAAACTCATCTAAAACTAACAAACAAATATATTACAAATCTCATTCTCC","","II","","",NA,NA,NA,NA,NA,NA,"","OpenSea","ACTCAGAACGAGGATCTTTGCCTGTGGCGTGGAATCATTTCTCCAATCATGGAGAATGGG[CG]GAGAATGAGATTTGTAACACACCTGCCTGTTAGTTTTAGATGAGCCCTTCTGGAATTAAT","AGGGCTCATCTAAAACTAACAGGCAGGTGTGTTACAAATCTCATTCTCCG","SNX29","NM_032167","Body","","","",NA,"","","","","","","","","","",NA,"chr16:12252256-12253300",6,"",NA,NA,NA,NA
"68","cg16517195",0.0134786171345047,0.0419978290873473,0.320936044252948,0.749355830903211,"exp",0.827126468907242,"cg16517195","chr16",66429972,"-","cg16517195",99661492,NA,"AAAACAATAAAAAACCATAAAACTCTCTCCCCTAAACAAATACTCCATCC","","II","","",NA,NA,NA,NA,NA,NA,"","OpenSea","AGACTCAGCAAAGAACAATGGAAAGCCATGAAACTCTCTCCCCTGGGCAGATACTCCATC[CG]CAGGACCAGTGACAAGGGCCAGTTCTTCCGAGTCACAAAAAAGGGGGACATTTACAATGA","GAACAATGGAAAGCCATGAAACTCTCTCCCCTGGGCAGATACTCCATCCG","CDH5;CDH5","NM_001795;NM_001795","ExonBnd;Body","","","",NA,"","","","CDH5;CDH5","ENST00000539168.1;ENST00000341529.3","5'UTR;ExonBnd","CDH5;CDH5;CDH5","ENST00000539168.1;ENST00000341529.3;ENST00000565334.1","5'UTR;ExonBnd;3'UTR","chr16:66429580-66429975",3,"",NA,"",NA,NA,NA,NA
"69","cg07493596",-0.110780945996902,0.0620915011263889,-1.78415634969759,0.0793718390094468,"exp",0.214107530459505,"cg07493596","chr16",85722677,"-","cg07493596",20698229,51769523,"ACCAACCTATAAAAAAACAATAAACAACCTATAAACACTATCTACAAACA","GCCAACCTATAAAAAAACGATAAACAACCTATAAACGCTATCTACGAACG","I","A","Red","rs57115773",0.1163,NA,NA,NA,NA,"chr16:85722209-85722941","Island","AAGACGGCCTGCGCCAGCCTATAGGAAGGCGGTAGACAGCCTATAGGCGCTGTCTGCGGG[CG]GGGGGGCGGAGACCGCGCTCGCGAAGAGCCCGCGGATTGGCAAGGCCGAGGGAGGCTGCG","GCCAGCCTATAGGAAGGCGGTAGACAGCCTATAGGCGCTGTCTGCGGGCG","GINS2","NM_016095","TSS200","","","",NA,"16:84279711-84280442","16:85722154-85723574","Unclassified","GINS2","ENST00000253462.3","TSS200","GINS2","ENST00000253462.3","TSS200","chr16:85722540-85722755",3,"",NA,"",NA,NA,TRUE,NA
"70","cg01603912",0.202969889754574,0.0548586382075558,3.69987109389489,0.000465026444004375,"exp",0.00488277766204594,"cg01603912","chr16",88039185,"-","cg01603912",44774527,NA,"ACAATATTCTATCCTTCCACATCAACAACCCTTAAAATAATAACAACTCC","","II","","","rs7500034",0.492806,NA,NA,NA,NA,"chr16:88039616-88039904","N_Shore","CTGCTTTGCTAGCAGTGTTCTGTCCTTCCACATCAGCAGCCCTTGGGATGATGGCAGCTC[CG]ATGGGATCTCAGTGGGTTTTTTAAGCCCCGTCAGGGTTTTTTGCCCGTGGGCGTACGTGG","CGGAGCTGCCATCATCCCAAGGGCTGCTGATGTGGAAGGACAGAACACTG","BANP;BANP","NM_017869;NM_079837","Body;Body","","","",NA,"16:86596686-86596805","16:88038428-88039577","Unclassified_Cell_type_specific","","","","BANP","ENST00000459966.1","3'UTR","",NA,"chr16:88038666-88039284",6,"chr16:88038348-88039233",6,NA,TRUE,NA
"71","cg02699671",-0.185415279413221,0.0514580557306039,-3.60323134600961,0.000632997947607813,"exp",0.00590798084433959,"cg02699671","chr17",850251,"+","cg02699671",50702210,1758345,"CCCTAAATACTAACATATATCATCTCTCCTCATACAACCCCTAAAAAACA","CCCTAAATACTAACGTATATCGTCTCTCCTCATACGACCCCTAAAAAACG","I","C","Grn",NA,NA,NA,NA,NA,NA,"chr17:850207-850500","Island","AGATCCTGGTTCAGCCACGTATCAGCAGCACAACCGGGAAAGCCAGTCGGCCCCACGGTG[CG]TCCTCCAGGGGCCGCATGAGGAGAGACGATACACGCCAGCACTCAGGGCCCAGCACGGGC","CCCTGAGTGCTGGCGTGTATCGTCTCTCCTCATGCGGCCCCTGGAGGACG","NXN","NM_022463","Body","","","",NA,"17:796640-797250","","","","","","NXN","ENST00000575171.1","3'UTR","chr17:850025-850555",3,"",NA,"",NA,NA,TRUE,NA
"72","cg13251490",-0.120080267152509,0.0519476336510755,-2.3115637558983,0.0241948428316761,"exp",0.0883637738200344,"cg13251490","chr17",1531887,"+","cg13251490",27616163,50797868,"AAAAAATAAAAACACAAAAATCCAAAACCATAAAAACAAACAAATTACCA","AAAAAATAAAAACGCGAAAATCCGAAACCATAAAAACGAACGAATTACCG","I","A","Red",NA,NA,NA,NA,NA,NA,"chr17:1531110-1533229","Island","GGAGCCGGTTCAAACCGGTGGCGCGAGCCAGCCGCGCGACCCCCATCTCGGGCGTTCCCC[CG]GCAACTCGCCCGTTTCCATGGCCTCGGACCCCCGCGCCTCCATTCCCCAGCCCGCATCTG","GGGGAATGGAGGCGCGGGGGTCCGAGGCCATGGAAACGGGCGAGTTGCCG","SLC43A2","NM_152346","5'UTR","high-CpG:1478374-1478868","","",NA,"17:1477735-1479955","17:1531551-1532617","Promoter_Associated","SLC43A2;SLC43A2","ENST00000301335.4;ENST00000571650.1","5'UTR;TSS1500","SLC43A2;SLC43A2;SLC43A2;SLC43A2;SLC43A2;SLC43A2;SLC43A2","ENST00000301335.4;ENST00000572801.1;ENST00000575944.1;ENST00000571376.1;ENST00000572135.1;ENST00000571650.1;ENST00000574743.1","5'UTR;5'UTR;TSS1500;TSS1500;TSS1500;TSS1500;3'UTR","",NA,"chr17:1528229-1533811",6,"chr17:1530385-1533760",6,NA,TRUE,NA
"73","cg06554293",0.00775466357426552,0.0310506205961168,0.249742627534965,0.803625512310257,"exp",0.854487886507108,"cg06554293","chr17",6531884,"+","cg06554293",38771834,NA,"ATACAAATTATAAAATTAATCCTAACCTAAACAATTCTATTTCATTTTCC","","II","","",NA,NA,NA,NA,NA,NA,"","OpenSea","TTCGTTTCACATCTCTTCTGGCTAGGTGGACAGCATAGCTAAGTCTCTCTTGGGATATGA[CG]GAAAATGAAACAGAACTGCCCAGGTCAGGACCAACTCTACAATCTGCATCTTTACAATGG","CGGAAAATGAAACAGAACTGCCCAGGTCAGGACCAACTCTACAATCTGCA","KIAA0753","NM_014804","Body","","","",NA,"","","","KIAA0753;KIAA0753","ENST00000542606.1;ENST00000572370.1","5'UTR;5'UTR","KIAA0753;KIAA0753;KIAA0753;KIAA0753","ENST00000572235.1;ENST00000576823.1;ENST00000542606.1;ENST00000572370.1","TSS1500;TSS200;5'UTR;5'UTR","",NA,"",NA,"",NA,NA,NA,NA
"74","cg12838546",-0.102947565189676,0.043570574747716,-2.36277730522874,0.0213431100313306,"exp",0.0853724401253223,"cg12838546","chr17",40713978,"-","cg12838546",1768869,NA,"CCAAAAAAAAATCTATAAAATAAACTTTAAAACCTACCTTACCTTTCTCC","","II","","",NA,NA,NA,NA,NA,NA,"chr17:40714087-40715282","N_Shore","TCCTCATCAGGCCAGAAGGGAATCTGTGAAATGGGCTTTGAAACCTGCCTTGCCTTTCTC[CG]CCCGGTCCCAGCGGGGGTCCGATCGGCATCAAGGCTTCACCCACTCCCAGAGCCTTCGGG","CAGAAGGGAATCTGTGAAATGGGCTTTGAAACCTGCCTTGCCTTTCTCCG","COASY;COASY;COASY;COASY;COASY","NM_001042530;NM_025233;NM_001042531;NM_001042529;NM_001042532","TSS200;TSS200;TSS200;TSS200;TSS200","","","",NA,"","17:40713670-40714889","Promoter_Associated","COASY;COASY","ENST00000421097.1;ENST00000426807.2","TSS200;TSS200","COASY;COASY","ENST00000421097.1;ENST00000426807.2","TSS200;TSS200","chr17:40713940-40714210",3,"",NA,"",NA,NA,TRUE,NA
"75","cg20245757",-0.147082174447742,0.0633377028613457,-2.32218990906133,0.0235767337638491,"exp",0.0883637738200344,"cg20245757","chr17",46663759,"+","cg20245757",91618400,6618841,"ACCTCCACCTCTATAAACCAAAAATAAAAACACACCAACAAATTTAAACA","ACCTCCGCCTCTATAAACCGAAAATAAAAACACGCCGACAAATTTAAACG","I","A","Red","rs56872371",0.018756,NA,NA,NA,NA,"chr17:46658948-46660003","S_Shelf","TCCCCTCTTCCTCTTGGAGCCTGCAATCAGTAAATTCGCCAAAAGAAAGAACGAAAGATC[CG]CCTAAACCTGCCGGCGTGCCCCCACCCCCGGTCTACAGAGGCGGAGGTGGCTGCGGCGGT","CGCCTAAACCTGCCGGCGTGCCCCCACCCCCGGTCTACAGAGGCGGAGGT","","","","","","DMR",NA,"17:44018647-44018888","17:46662347-46664276","Unclassified","HOXB-AS3;HOXB3;HOXB3;HOXB3;HOXB3;HOXB3","ENST00000465846.2;ENST00000460160.1;ENST00000472863.1;ENST00000476342.1;ENST00000498678.1;ENST00000552000.2","5'UTR;5'UTR;5'UTR;5'UTR;5'UTR;3'UTR","HOXB-AS3;HOXB3;HOXB3;HOXB3;HOXB3;HOXB3","ENST00000465846.2;ENST00000460160.1;ENST00000472863.1;ENST00000476342.1;ENST00000498678.1;ENST00000552000.2","5'UTR;5'UTR;5'UTR;5'UTR;5'UTR;3'UTR","chr17:46663720-46663930",3,"",NA,"",NA,NA,TRUE,NA
"76","cg19231170",-0.227108558326127,0.0591881641621386,-3.83706035726993,0.000297986613202586,"exp",0.00383914953995149,"cg19231170","chr17",77020037,"+","cg19231170",96755370,15802276,"CATAAATCTAAAAATCCATCCAAAAACAAAAAAACTACAAACCCCAAACA","CGTAAATCTAAAAATCCGTCCAAAAACGAAAAAACTACGAACCCCGAACG","I","A","Red",NA,NA,NA,NA,NA,NA,"chr17:77020023-77020868","Island","TACCAAGTGACTAGGAGCGCTCAGCCTTGCTGGGCACCCCCATCCTGCGGGGGGCATTCT[CG]TCCGGGGCTCGCAGCCCCTCCGCCTCTGGACGGACCTCCAGACTCACGGAATCTGCCCCA","CGTCCGGGGCTCGCAGCCCCTCCGCCTCTGGACGGACCTCCAGACTCACG","C1QTNF1;C1QTNF1;C1QTNF1-AS1;C1QTNF1-AS1;C1QTNF1","NM_198594;NM_030968;NR_040018;NR_040019;NM_153372","TSS200;TSS200;Body;Body;5'UTR","","","",TRUE,"17:74531589-74532847","17:77019967-77021565","Unclassified","C1QTNF1","ENST00000339142.1","TSS1500","C1QTNF1","ENST00000339142.1","TSS1500","",NA,"chr17:77019705-77021897",6,"chr17:77019850-77021033",6,NA,NA,NA
"77","cg26853093",0.0868783724974381,0.128119316610183,0.678105181920189,0.500269290795829,"exp",0.667025721061105,"cg26853093","chr19",17448469,"-","cg26853093",46787261,21712843,"ATATAACAAAAACTTTAAACCCTAACAACCCAAACAACACATAAACCTCA","ATATAACGAAAACTTTAAACCCTAACGACCCAAACGACACGTAAACCTCG","I","C","Grn",NA,NA,NA,NA,NA,NA,"chr19:17448182-17448470","Island","GGTTGTAAATCCATGTGGCGGGGGCTTTGGACCCTGGCGGCCCAAGCGGCACGTGGGCCT[CG]CAGGTGGGGCTACAGGGGAAGGGGTGCGACAGCTTGGGGTGCTGCTTGGACCCCAGACCC","ATGTGGCGGGGGCTTTGGACCCTGGCGGCCCAAGCGGCACGTGGGCCTCG","GTPBP3;GTPBP3;GTPBP3","NM_001128855;NM_032620;NM_133644","1stExon;1stExon;1stExon","","","",NA,"19:17308747-17310799","19:17447462-17449052","Promoter_Associated","GTPBP3;GTPBP3","ENST00000324894.7;ENST00000546035.1","1stExon;1stExon","GTPBP3;GTPBP3","ENST00000324894.7;ENST00000546035.1","1stExon;1stExon","",NA,"chr19:17447098-17449479",6,"chr19:17447147-17449776",6,NA,TRUE,NA
"78","cg08054038",0.203514981725116,0.0513854896973536,3.96055351274773,0.000198230663744334,"exp",0.00383914953995149,"cg08054038","chr19",45348674,"-","cg08054038",75753531,NA,"AACCAAATAACCCAAAAACAATAACAAACAAACCRAACTTAATAACTCAC","","II","","",NA,NA,NA,NA,NA,NA,"chr19:45349328-45350044","N_Shore","AGAGACATGGGGACCAAGTGACCCAGAAACAGTGACAGACAGGCCGGGCTTGGTGGCTCA[CG]CCTGTAATCCCAGCATCTTGGGAGGCCGAGCCGGGAGGATCGCTTGAGGCCAGCCTCAGC","ACCAAGTGACCCAGAAACAGTGACAGACAGGCCGGGCTTGGTGGCTCACG","PVRL2;PVRL2","NM_002856;NM_001042724","TSS1500;TSS1500","","","",NA,"","19:45347674-45349585","Promoter_Associated","PVRL2","ENST00000252485.3","TSS1500","PVRL2","ENST00000252485.3","TSS1500","chr19:45348460-45348675",3,"",NA,"",NA,TRUE,TRUE,NA
"79","cg03354590",0.211694912674861,0.0542437132899378,3.90266262826315,0.000240163277648595,"exp",0.00383914953995149,"cg03354590","chr19",46932167,"-","cg03354590",11742945,71624128,"AAAAATTACACTCAATACCCTATCACCAAACTAAAACAAAAATATAACCA","AAAAATTACACTCAATACCCTATCGCCGAACTAAAACGAAAATATAACCG","I","C","Grn",NA,NA,NA,NA,NA,NA,"chr19:46932068-46932349","Island","CACCGCTGGCCCAGAGGTTGCACTCAGTGCCCTGTCGCCGGACTAGGACGAGGATGTGGC[CG]CTGCACTTGCTCCCGCGGTGACGTCACCGCCTCCTTCCGCTCTGCGGCCTGGCGGTCTCC","CGGCCACATCCTCGTCCTAGTCCGGCGACAGGGCACTGAGTGCAACCTCT","","","","","","",TRUE,"19:51622862-51624189","19:46931947-46932691","Unclassified_Cell_type_specific","","","","","","","chr19:46932005-46932315",3,"",NA,"",NA,NA,TRUE,NA
"80","cg05411953",-0.124187626804911,0.0475529215352351,-2.61156670916406,0.0113292622928731,"exp",0.0528698907000744,"cg05411953","chr19",52207653,"+","cg05411953",63714588,NA,"AAAACCCCRAAAACTACAAACAAAAACAAATTACTAAACRTCAAAACCTC","","II","","",NA,NA,NA,NA,NA,NA,"chr19:52207132-52207731","Island","GCGGGATGCCGAGCTGATCGAGCCCTGGAGGCCCAGCCTGGGCGAGCTGCTGGCCAGGCC[CG]AGGCTCTGACGCCCAGCAATCTGTTCCTGCTTGCAGTCCTCGGGGCCCTCGCATCAGCGA","GGGCCCCGAGGACTGCAAGCAGGAACAGATTGCTGGGCGTCAGAGCCTCG","NCRNA00085","NR_024330","Body","","","DMR",NA,"19:56898962-56899517","19:52206037-52208766","Promoter_Associated","LINC00085","ENST00000573266.1","5'UTR","LINC00085;LINC00085;LINC00085;LINC00085;LINC00085;LINC00085;LINC00085;LINC00085;LINC00085;LINC00085;LINC00085;LINC00085","ENST00000572160.1;ENST00000572565.1;ENST00000573151.1;ENST00000576975.1;ENST00000572703.1;ENST00000572703.1;ENST00000573896.1;ENST00000573896.1;ENST00000572609.1;ENST00000572609.1;ENST00000576093.1;ENST00000573266.1","5'UTR;5'UTR;5'UTR;5'UTR;1stExon;5'UTR;1stExon;5'UTR;1stExon;5'UTR;5'UTR;5'UTR","",NA,"chr19:52204587-52208251",6,"chr19:52204529-52210059",6,NA,TRUE,NA
"81","cg25979157",0.030477469284063,0.0390880943204727,0.779712334763276,0.438575049195917,"exp",0.626740851430572,"cg25979157","chr19",53902687,"-","cg25979157",29785986,NA,"CCTTCTTCCAAACTCACTAAAAAATCACCACTATCAATTCTATACCAAAC","","II","","",NA,NA,NA,NA,NA,NA,"chr19:53898268-53898919","S_Shelf","ACATCCTCCACCCTTCTTCCAAACTCACTGGGGAGTCACCACTGTCAGTTCTGTGCCAGG[CG]TCAGAGCAAGTCTCATACACATGTATTTCTGCATCATATGAGACTTTAGAAAAAATTATT","CGCCTGGCACAGAACTGACAGTGGTGACTCCCCAGTGAGTTTGGAAGAAG","ZNF765","NM_001040185","Body","","","",NA,"","","","ZNF765","ENST00000504146.1","5'UTR","ZNF765;ZNF765;ZNF765","ENST00000504146.1;ENST00000340310.5;ENST00000505866.1","5'UTR;5'UTR;5'UTR","",NA,"",NA,"",NA,NA,TRUE,NA
"82","cg02384543",-0.080401031669134,0.0546033842628126,-1.47245510062443,0.146039150162146,"exp",0.311885694502673,"cg02384543","chr19",58879857,"-","cg02384543",20783920,33709242,"CCACTCACCCATATAAATACACTAATACTACAACAAACTAAAAATACACA","CCGCTCGCCCGTATAAATACGCTAATACTACAACAAACTAAAAATACGCG","I","T","Red",NA,NA,NA,NA,NA,NA,"chr19:58878386-58880634","Island","GCACTCGTAGGGCCGCTCGCCCGTGTGGATGCGCTGGTGCTGCAGCAGGCTGGAGGTGCG[CG]TGAAGGCCTTGCCGCACTCGTCGCAAGCGTACAGTCGCTGGGCCGGGGGGTCGGGGACAA","CGCGCACCTCCAGCCTGCTGCAGCACCAGCGCATCCACACGGGCGAGCGG","ZNF837;ZNF837","NM_001129730;NM_138466","Body;Body","","","",NA,"19:63570834-63572417","","","","","","","","","",NA,"chr19:58877029-58881706",6,"",NA,NA,TRUE,NA
"83","cg09728659",0.12629201861269,0.0449669232758455,2.80855369708003,0.00667599549149273,"exp",0.0350489763303368,"cg09728659","chr22",18924873,"+","cg09728659",86764188,NA,"CTAAACTCTTCATATAAAACRAACCATACAACTTATAACCRTTTATATCC","","II","","",NA,NA,NA,NA,NA,NA,"chr22:18923470-18923840","S_Shore","GCTGGGATTACAGGCGTGAGCCACCACGCCCGGTGAATTTTTTTTTTTAAAGAAAGATTC[CG]GACACAAACGGCCACAAGTTGTATGGTTCGTTTTATATGAAGAGTTCAGAATAGACAAAT","CGGACACAAACGGCCACAAGTTGTATGGTTCGTTTTATATGAAGAGTTCA","PRODH;PRODH","NM_001195226;NM_016335","TSS1500;TSS1500","","","",NA,"","","","PRODH","ENST00000357068.6","TSS1500","PRODH;PRODH;PRODH;PRODH;PRODH;PRODH","ENST00000482858.1;ENST00000457083.1;ENST00000491604.1;ENST00000420436.1;ENST00000334029.2;ENST00000357068.6","TSS1500;TSS1500;TSS1500;TSS1500;TSS1500;TSS1500","",NA,"",NA,"",NA,NA,NA,NA
"84","cg21395191",0.0848326713648691,0.0584590431811881,1.4511471065638,0.151862383916765,"exp",0.311885694502673,"cg21395191","chr22",50608218,"-","cg21395191",43720938,4686313,"CAATAAAAAATATAAAACAAAAAAATACCCTCATTACCCACACACTAACA","CAATAAAAAATATAAAACGAAAAAATACCCTCATTACCCGCGCACTAACG","I","C","Grn",NA,NA,NA,NA,NA,NA,"chr22:50608207-50608660","Island","GGGCCGGGGCTGCAGTGGAGGGTGTGGGGCGGGGAGATGCCCTCATTGCCCGCGCACTGG[CG]CCCGAGCCCAGAGAAGAGAGCGCCGGCTTCCCCGCCAGTGGCCGCAGCACCCCAGGAGCG","CAGTGGAGGGTGTGGGGCGGGGAGATGCCCTCATTGCCCGCGCACTGGCG","PANX2;PANX2;PANX2","NM_001160300;NM_052839;NR_027691","TSS1500;TSS1500;TSS1500","","chr22:50608010-50608010","",NA,"22:48949991-48950670","","","PANX2;PANX2","ENST00000159647.5;ENST00000401643.3","TSS1500;TSS1500","PANX2;PANX2","ENST00000159647.5;ENST00000402472.2","TSS1500;TSS1500","chr22:50608145-50608795",3,"",NA,"",NA,NA,TRUE,NA
